artist,related_to,genres,id,related_id,popularity,followers,collaborations
Drake,NA,,3TVXtAsR1Inumwj472S9r4,NA,95,64652317,0
Kanye West,NA,,5K4W6rqBFWDnAN6FQUkS6x,NA,90,17617569,0
Big Sean,Drake,,0c173mlxpT3dSFRgMO8XPh,3TVXtAsR1Inumwj472S9r4,78,9766529,5
J. Cole,Drake,,6l3HvQ5sa6mXTsMTB19rO5,3TVXtAsR1Inumwj472S9r4,84,17173439,2
Meek Mill,Drake,,20sxb77xiYeusSH8cVdatc,3TVXtAsR1Inumwj472S9r4,75,6275718,0
DJ Khaled,Drake,,0QHgL1lAIqAw0HtD7YldmP,3TVXtAsR1Inumwj472S9r4,76,7801700,0
Wale,Drake,,67nwj3Y5sZQLl72VNUHEYE,3TVXtAsR1Inumwj472S9r4,70,3692039,0
Rick Ross,Drake,,1sBkRIssrMs1AbVkOJbc7a,3TVXtAsR1Inumwj472S9r4,76,6011129,10
PARTYNEXTDOOR,Drake,,2HPaUgqeutzr3jx5a9WyDV,3TVXtAsR1Inumwj472S9r4,74,3915060,8
2 Chainz,Drake,,17lzZA2AlOHwCwFALHttmp,3TVXtAsR1Inumwj472S9r4,76,7236641,7
Tory Lanez,Drake,,2jku7tDXc6XoB6MO2hFuqg,3TVXtAsR1Inumwj472S9r4,78,4458884,0
Future,Drake,,1RyvyyTE3xzB2ZywiAwp0i,3TVXtAsR1Inumwj472S9r4,88,11754228,30
Young Thug,Drake,,50co4Is1HCEo8bhOyUWKpn,3TVXtAsR1Inumwj472S9r4,84,7321434,8
Jeremih,Drake,,3KV3p5EY4AvKxOlhGHORLg,3TVXtAsR1Inumwj472S9r4,74,5763972,0
Bryson Tiller,Drake,,2EMAnMvWE2eb56ToJVfCWs,3TVXtAsR1Inumwj472S9r4,77,5742801,0
French Montana,Drake,,6vXTefBL93Dj5IqAWq6OTv,3TVXtAsR1Inumwj472S9r4,76,4541344,0
Miguel,Drake,,360IAlyVv4PCEVjgyMZrxK,3TVXtAsR1Inumwj472S9r4,76,4073966,0
21 Savage,Drake,,1URnnhqYAYcrqrcwql10ft,3TVXtAsR1Inumwj472S9r4,85,11374939,4
Metro Boomin,Drake,,0iEtIxbK0KxaSlF7G42ZOp,3TVXtAsR1Inumwj472S9r4,77,2991253,0
Migos,Drake,,6oMuImdp5ZcFhWP0ESe6mG,3TVXtAsR1Inumwj472S9r4,77,12431842,0
Lil Wayne,Drake,,55Aa2cqylxrFIXC767Z865,3TVXtAsR1Inumwj472S9r4,84,12255072,32
Ty Dolla $ign,Drake,,7c0XG5cIJTrrAgEC3ULPiq,3TVXtAsR1Inumwj472S9r4,80,4275651,4
Pusha T,Kanye West,,0ONHkAv9pCAFxb0zJwDNTy,5K4W6rqBFWDnAN6FQUkS6x,74,2496568,8
Kid Cudi,Kanye West,,0fA0VVWsXO9YnASrzqfmYu,5K4W6rqBFWDnAN6FQUkS6x,80,5889209,5
Big Sean,Kanye West,,0c173mlxpT3dSFRgMO8XPh,5K4W6rqBFWDnAN6FQUkS6x,78,9766529,1
A$AP Rocky,Kanye West,,13ubrt8QOOCPljQ2FL1Kca,5K4W6rqBFWDnAN6FQUkS6x,80,11344358,0
J. Cole,Kanye West,,6l3HvQ5sa6mXTsMTB19rO5,5K4W6rqBFWDnAN6FQUkS6x,84,17173439,0
ScHoolboy Q,Kanye West,,5IcR3N7QB1j6KBL8eImZ8m,5K4W6rqBFWDnAN6FQUkS6x,72,4226547,0
Earl Sweatshirt,Kanye West,,3A5tHz1SfngyOZM2gItYKu,5K4W6rqBFWDnAN6FQUkS6x,66,1804344,0
Frank Ocean,Kanye West,,2h93pZq0e7k5yf4dywlkpM,5K4W6rqBFWDnAN6FQUkS6x,81,9613058,16
Joey Bada$$,Kanye West,,2P5sC9cVZDToPxyomzF1UH,5K4W6rqBFWDnAN6FQUkS6x,72,2625231,0
Childish Gambino,Kanye West,,73sIBHcqh3Z3NyqHKZ7FOL,5K4W6rqBFWDnAN6FQUkS6x,77,9504743,0
Chance the Rapper,Kanye West,,1anyVhU62p31KFi8MEzkbf,5K4W6rqBFWDnAN6FQUkS6x,75,5684312,0
JAY-Z,Kanye West,,3nFkdlSjzX9mRTtwJOzDYB,5K4W6rqBFWDnAN6FQUkS6x,82,7420924,123
Lupe Fiasco,Kanye West,,01QTIT5P1pFP3QnnFSdsJf,5K4W6rqBFWDnAN6FQUkS6x,66,1754744,4
KIDS SEE GHOSTS,Kanye West,,2hPgGN4uhvXAxiXQBIXOmE,5K4W6rqBFWDnAN6FQUkS6x,60,898635,14
Freddie Gibbs,Kanye West,,0Y4inQK6OespitzD6ijMwb,5K4W6rqBFWDnAN6FQUkS6x,66,999490,0
Vince Staples,Kanye West,,68kEuyFKyqrdQQLLsmiatm,5K4W6rqBFWDnAN6FQUkS6x,68,1613082,0
BROCKHAMPTON,Kanye West,,1Bl6wpkWCQ4KVgnASpvzzA,5K4W6rqBFWDnAN6FQUkS6x,68,2000279,0
Baby Keem,Kanye West,,5SXuuuRpukkTvsLuUknva1,5K4W6rqBFWDnAN6FQUkS6x,76,911415,0
2 Chainz,Kanye West,,17lzZA2AlOHwCwFALHttmp,5K4W6rqBFWDnAN6FQUkS6x,76,7236641,0
Kendrick Lamar,Kanye West,,2YZyLoL8N0Wb9xBt1NhZWg,5K4W6rqBFWDnAN6FQUkS6x,90,20793607,0
Wale,Big Sean,,67nwj3Y5sZQLl72VNUHEYE,0c173mlxpT3dSFRgMO8XPh,70,3692039,2
2 Chainz,Big Sean,,17lzZA2AlOHwCwFALHttmp,0c173mlxpT3dSFRgMO8XPh,76,7236641,5
Rick Ross,Big Sean,,1sBkRIssrMs1AbVkOJbc7a,0c173mlxpT3dSFRgMO8XPh,76,6011129,3
ScHoolboy Q,Big Sean,,5IcR3N7QB1j6KBL8eImZ8m,0c173mlxpT3dSFRgMO8XPh,72,4226547,0
Young Money,Big Sean,,5OrB6Jhhrl9y2PK0pSV4VP,0c173mlxpT3dSFRgMO8XPh,62,2503363,0
Ace Hood,Big Sean,,31HjiqargV4NAw4GZqUale,0c173mlxpT3dSFRgMO8XPh,60,1663164,0
Meek Mill,Big Sean,,20sxb77xiYeusSH8cVdatc,0c173mlxpT3dSFRgMO8XPh,75,6275718,3
French Montana,Big Sean,,6vXTefBL93Dj5IqAWq6OTv,0c173mlxpT3dSFRgMO8XPh,76,4541344,1
Jay Rock,Big Sean,,28ExwzUQsvgJooOI0X1mr3,0c173mlxpT3dSFRgMO8XPh,70,1269513,0
Jeremih,Big Sean,,3KV3p5EY4AvKxOlhGHORLg,0c173mlxpT3dSFRgMO8XPh,74,5763972,2
Waka Flocka Flame,Big Sean,,6f4XkbvYlXMH0QgVRzW0sM,0c173mlxpT3dSFRgMO8XPh,64,2453444,0
Ty Dolla $ign,Big Sean,,7c0XG5cIJTrrAgEC3ULPiq,0c173mlxpT3dSFRgMO8XPh,80,4275651,6
YG,Big Sean,,0A0FS04o6zMoto8OKPsDwY,0c173mlxpT3dSFRgMO8XPh,75,2871227,0
Bas,Big Sean,,70gP6Ry4Uo0Yx6uzPIdaiJ,0c173mlxpT3dSFRgMO8XPh,67,457238,0
Mike WiLL Made-It,Big Sean,,0NWbwDZY1VkRqFafuQm6wk,0c173mlxpT3dSFRgMO8XPh,64,1408198,0
Kid Ink,Big Sean,,6KZDXtSj0SzGOV705nNeh3,0c173mlxpT3dSFRgMO8XPh,67,2856319,0
A$AP Ferg,Big Sean,,5dHt1vcEm9qb8fCyLcB3HL,0c173mlxpT3dSFRgMO8XPh,71,3363425,0
VIC MENSA,Big Sean,,27w1NoOLMX7tJMYqcetPyG,0c173mlxpT3dSFRgMO8XPh,62,586231,0
Juicy J,Big Sean,,5gCRApTajqwbnHHPbr2Fpi,0c173mlxpT3dSFRgMO8XPh,73,2867214,6
Yo Gotti,Big Sean,,6Ha4aES39QiVjR0L2lwuwq,0c173mlxpT3dSFRgMO8XPh,67,3843516,0
Big Sean,J. Cole,,0c173mlxpT3dSFRgMO8XPh,6l3HvQ5sa6mXTsMTB19rO5,78,9766529,0
Wale,J. Cole,,67nwj3Y5sZQLl72VNUHEYE,6l3HvQ5sa6mXTsMTB19rO5,70,3692039,0
ScHoolboy Q,J. Cole,,5IcR3N7QB1j6KBL8eImZ8m,6l3HvQ5sa6mXTsMTB19rO5,72,4226547,0
Pusha T,J. Cole,,0ONHkAv9pCAFxb0zJwDNTy,6l3HvQ5sa6mXTsMTB19rO5,74,2496568,0
Jay Rock,J. Cole,,28ExwzUQsvgJooOI0X1mr3,6l3HvQ5sa6mXTsMTB19rO5,70,1269513,0
Meek Mill,J. Cole,,20sxb77xiYeusSH8cVdatc,6l3HvQ5sa6mXTsMTB19rO5,75,6275718,0
2 Chainz,J. Cole,,17lzZA2AlOHwCwFALHttmp,6l3HvQ5sa6mXTsMTB19rO5,76,7236641,4
Kid Cudi,J. Cole,,0fA0VVWsXO9YnASrzqfmYu,6l3HvQ5sa6mXTsMTB19rO5,80,5889209,0
A$AP Rocky,J. Cole,,13ubrt8QOOCPljQ2FL1Kca,6l3HvQ5sa6mXTsMTB19rO5,80,11344358,0
Kendrick Lamar,J. Cole,,2YZyLoL8N0Wb9xBt1NhZWg,6l3HvQ5sa6mXTsMTB19rO5,90,20793607,3
Freddie Gibbs,J. Cole,,0Y4inQK6OespitzD6ijMwb,6l3HvQ5sa6mXTsMTB19rO5,66,999490,0
Nipsey Hussle,J. Cole,,0EeQBlQJFiAfJeVN2vT9s0,6l3HvQ5sa6mXTsMTB19rO5,66,2770561,0
Rick Ross,J. Cole,,1sBkRIssrMs1AbVkOJbc7a,6l3HvQ5sa6mXTsMTB19rO5,76,6011129,0
Joey Bada$$,J. Cole,,2P5sC9cVZDToPxyomzF1UH,6l3HvQ5sa6mXTsMTB19rO5,72,2625231,0
Isaiah Rashad,J. Cole,,6aaMZ3fcfLv4tEbmY7bjRM,6l3HvQ5sa6mXTsMTB19rO5,66,1157805,0
Chance the Rapper,J. Cole,,1anyVhU62p31KFi8MEzkbf,6l3HvQ5sa6mXTsMTB19rO5,75,5684312,0
YG,J. Cole,,0A0FS04o6zMoto8OKPsDwY,6l3HvQ5sa6mXTsMTB19rO5,75,2871227,0
Curren$y,J. Cole,,6X8WdFjrNhXATMDSs26aCc,6l3HvQ5sa6mXTsMTB19rO5,65,939014,0
Lupe Fiasco,J. Cole,,01QTIT5P1pFP3QnnFSdsJf,6l3HvQ5sa6mXTsMTB19rO5,66,1754744,0
Miguel,J. Cole,,360IAlyVv4PCEVjgyMZrxK,6l3HvQ5sa6mXTsMTB19rO5,76,4073966,3
Rick Ross,Meek Mill,,1sBkRIssrMs1AbVkOJbc7a,20sxb77xiYeusSH8cVdatc,76,6011129,35
French Montana,Meek Mill,,6vXTefBL93Dj5IqAWq6OTv,20sxb77xiYeusSH8cVdatc,76,4541344,9
DJ Drama,Meek Mill,,5oNgAs7j5XcBMzWv3HAnHG,20sxb77xiYeusSH8cVdatc,56,1225532,0
Wale,Meek Mill,,67nwj3Y5sZQLl72VNUHEYE,20sxb77xiYeusSH8cVdatc,70,3692039,19
Nipsey Hussle,Meek Mill,,0EeQBlQJFiAfJeVN2vT9s0,20sxb77xiYeusSH8cVdatc,66,2770561,0
Ace Hood,Meek Mill,,31HjiqargV4NAw4GZqUale,20sxb77xiYeusSH8cVdatc,60,1663164,3
2 Chainz,Meek Mill,,17lzZA2AlOHwCwFALHttmp,20sxb77xiYeusSH8cVdatc,76,7236641,5
Young Money,Meek Mill,,5OrB6Jhhrl9y2PK0pSV4VP,20sxb77xiYeusSH8cVdatc,62,2503363,0
Fabolous,Meek Mill,,0YWxKQj2Go9CGHCp77UOyy,20sxb77xiYeusSH8cVdatc,66,2291723,12
Jim Jones,Meek Mill,,6AMa1VFQ7qCi61tCRtVWXe,20sxb77xiYeusSH8cVdatc,60,573247,0
Waka Flocka Flame,Meek Mill,,6f4XkbvYlXMH0QgVRzW0sM,20sxb77xiYeusSH8cVdatc,64,2453444,0
Yo Gotti,Meek Mill,,6Ha4aES39QiVjR0L2lwuwq,20sxb77xiYeusSH8cVdatc,67,3843516,9
Pusha T,Meek Mill,,0ONHkAv9pCAFxb0zJwDNTy,20sxb77xiYeusSH8cVdatc,74,2496568,4
Jay Rock,Meek Mill,,28ExwzUQsvgJooOI0X1mr3,20sxb77xiYeusSH8cVdatc,70,1269513,0
Jeezy,Meek Mill,,4yBK75WVCQXej1p04GWqxH,20sxb77xiYeusSH8cVdatc,69,2151617,1
Kid Ink,Meek Mill,,6KZDXtSj0SzGOV705nNeh3,20sxb77xiYeusSH8cVdatc,67,2856319,0
Juicy J,Meek Mill,,5gCRApTajqwbnHHPbr2Fpi,20sxb77xiYeusSH8cVdatc,73,2867214,0
Big Sean,Meek Mill,,0c173mlxpT3dSFRgMO8XPh,20sxb77xiYeusSH8cVdatc,78,9766529,4
DJ Khaled,Meek Mill,,0QHgL1lAIqAw0HtD7YldmP,20sxb77xiYeusSH8cVdatc,76,7801700,0
Tory Lanez,Meek Mill,,2jku7tDXc6XoB6MO2hFuqg,20sxb77xiYeusSH8cVdatc,78,4458884,5
Young Money,DJ Khaled,,5OrB6Jhhrl9y2PK0pSV4VP,0QHgL1lAIqAw0HtD7YldmP,62,2503363,0
Rick Ross,DJ Khaled,,1sBkRIssrMs1AbVkOJbc7a,0QHgL1lAIqAw0HtD7YldmP,76,6011129,113
DJ Drama,DJ Khaled,,5oNgAs7j5XcBMzWv3HAnHG,0QHgL1lAIqAw0HtD7YldmP,56,1225532,0
Yo Gotti,DJ Khaled,,6Ha4aES39QiVjR0L2lwuwq,0QHgL1lAIqAw0HtD7YldmP,67,3843516,11
Birdman,DJ Khaled,,35sCXuy5gN6Or69rZ9vqBs,0QHgL1lAIqAw0HtD7YldmP,63,1050172,31
Ace Hood,DJ Khaled,,31HjiqargV4NAw4GZqUale,0QHgL1lAIqAw0HtD7YldmP,60,1663164,95
Fabolous,DJ Khaled,,0YWxKQj2Go9CGHCp77UOyy,0QHgL1lAIqAw0HtD7YldmP,66,2291723,11
Plies,DJ Khaled,,3jksrX4oBklxR78ft8gv3j,0QHgL1lAIqAw0HtD7YldmP,62,1578945,22
T.I.,DJ Khaled,,4OBJLual30L7gRl5UkeRcT,0QHgL1lAIqAw0HtD7YldmP,73,4248795,21
Kid Ink,DJ Khaled,,6KZDXtSj0SzGOV705nNeh3,0QHgL1lAIqAw0HtD7YldmP,67,2856319,0
French Montana,DJ Khaled,,6vXTefBL93Dj5IqAWq6OTv,0QHgL1lAIqAw0HtD7YldmP,76,4541344,31
Jeezy,DJ Khaled,,4yBK75WVCQXej1p04GWqxH,0QHgL1lAIqAw0HtD7YldmP,69,2151617,14
Wale,DJ Khaled,,67nwj3Y5sZQLl72VNUHEYE,0QHgL1lAIqAw0HtD7YldmP,70,3692039,24
T-Pain,DJ Khaled,,3aQeKQSyrW4qWr35idm0cy,0QHgL1lAIqAw0HtD7YldmP,76,3879843,22
2 Chainz,DJ Khaled,,17lzZA2AlOHwCwFALHttmp,0QHgL1lAIqAw0HtD7YldmP,76,7236641,24
Meek Mill,DJ Khaled,,20sxb77xiYeusSH8cVdatc,0QHgL1lAIqAw0HtD7YldmP,75,6275718,66
Waka Flocka Flame,DJ Khaled,,6f4XkbvYlXMH0QgVRzW0sM,0QHgL1lAIqAw0HtD7YldmP,64,2453444,8
Tyga,DJ Khaled,,5LHRHt1k9lMyONurDHEdrp,0QHgL1lAIqAw0HtD7YldmP,79,6612695,12
Jim Jones,DJ Khaled,,6AMa1VFQ7qCi61tCRtVWXe,0QHgL1lAIqAw0HtD7YldmP,60,573247,0
Ty Dolla $ign,DJ Khaled,,7c0XG5cIJTrrAgEC3ULPiq,0QHgL1lAIqAw0HtD7YldmP,80,4275651,0
DJ Drama,Wale,,5oNgAs7j5XcBMzWv3HAnHG,67nwj3Y5sZQLl72VNUHEYE,56,1225532,0
Rick Ross,Wale,,1sBkRIssrMs1AbVkOJbc7a,67nwj3Y5sZQLl72VNUHEYE,76,6011129,19
Fabolous,Wale,,0YWxKQj2Go9CGHCp77UOyy,67nwj3Y5sZQLl72VNUHEYE,66,2291723,3
Dom Kennedy,Wale,,3s8alQfNnY0roAHaJh7Xxt,67nwj3Y5sZQLl72VNUHEYE,59,516733,0
Young Money,Wale,,5OrB6Jhhrl9y2PK0pSV4VP,67nwj3Y5sZQLl72VNUHEYE,62,2503363,0
Big K.R.I.T.,Wale,,0CKa42Jqrc9fSFbDjePaXP,67nwj3Y5sZQLl72VNUHEYE,61,851718,0
The-Dream,Wale,,1W3FSF1BLpY3hlVIgvenLz,67nwj3Y5sZQLl72VNUHEYE,63,1113004,0
Nipsey Hussle,Wale,,0EeQBlQJFiAfJeVN2vT9s0,67nwj3Y5sZQLl72VNUHEYE,66,2770561,1
August Alsina,Wale,,19Fi1Rj7kk8kyiwxpXy3yM,67nwj3Y5sZQLl72VNUHEYE,62,2353825,0
Lloyd,Wale,,1Xfmvd48oOhEWkscWyEbh9,67nwj3Y5sZQLl72VNUHEYE,65,1925961,6
K CAMP,Wale,,5bgfj5zUoWpyeVatGDjn6H,67nwj3Y5sZQLl72VNUHEYE,62,1470772,0
Plies,Wale,,3jksrX4oBklxR78ft8gv3j,67nwj3Y5sZQLl72VNUHEYE,62,1578945,0
BJ The Chicago Kid,Wale,,07d5etnpjriczFBB8pxmRe,67nwj3Y5sZQLl72VNUHEYE,61,399269,0
Jacquees,Wale,,4tMm1dU6Gn04VAZ9ClHcIZ,67nwj3Y5sZQLl72VNUHEYE,65,2170300,2
Sevyn Streeter,Wale,,6If57j6e3TXXk0HiLcIZca,67nwj3Y5sZQLl72VNUHEYE,58,1190277,0
Teyana Taylor,Wale,,4ULO7IGI3M2bo0Ap7B9h8a,67nwj3Y5sZQLl72VNUHEYE,61,1474696,0
Big Sean,Wale,,0c173mlxpT3dSFRgMO8XPh,67nwj3Y5sZQLl72VNUHEYE,78,9766529,6
TWENTY88,Wale,,6g8AmloI8egfrr3dm3SnUL,67nwj3Y5sZQLl72VNUHEYE,47,454302,0
Jim Jones,Wale,,6AMa1VFQ7qCi61tCRtVWXe,67nwj3Y5sZQLl72VNUHEYE,60,573247,0
Omarion,Wale,,0f5nVCcR06GX8Qikz0COtT,67nwj3Y5sZQLl72VNUHEYE,60,2469250,0
DJ Drama,Rick Ross,,5oNgAs7j5XcBMzWv3HAnHG,1sBkRIssrMs1AbVkOJbc7a,56,1225532,0
Ace Hood,Rick Ross,,31HjiqargV4NAw4GZqUale,1sBkRIssrMs1AbVkOJbc7a,60,1663164,0
Young Money,Rick Ross,,5OrB6Jhhrl9y2PK0pSV4VP,1sBkRIssrMs1AbVkOJbc7a,62,2503363,0
Birdman,Rick Ross,,35sCXuy5gN6Or69rZ9vqBs,1sBkRIssrMs1AbVkOJbc7a,63,1050172,0
Jim Jones,Rick Ross,,6AMa1VFQ7qCi61tCRtVWXe,1sBkRIssrMs1AbVkOJbc7a,60,573247,0
Fabolous,Rick Ross,,0YWxKQj2Go9CGHCp77UOyy,1sBkRIssrMs1AbVkOJbc7a,66,2291723,0
Yo Gotti,Rick Ross,,6Ha4aES39QiVjR0L2lwuwq,1sBkRIssrMs1AbVkOJbc7a,67,3843516,8
Jeezy,Rick Ross,,4yBK75WVCQXej1p04GWqxH,1sBkRIssrMs1AbVkOJbc7a,69,2151617,16
Wale,Rick Ross,,67nwj3Y5sZQLl72VNUHEYE,1sBkRIssrMs1AbVkOJbc7a,70,3692039,15
Juelz Santana,Rick Ross,,6Uh8uJyN9g7oFjDK16nJgb,1sBkRIssrMs1AbVkOJbc7a,64,695323,0
Bun B,Rick Ross,,45a6gCQWq61lIUDmr1tKuO,1sBkRIssrMs1AbVkOJbc7a,58,770764,0
Young Buck,Rick Ross,,4pr7J7wzgObkE3DD3Izi7q,1sBkRIssrMs1AbVkOJbc7a,59,872502,0
Curren$y,Rick Ross,,6X8WdFjrNhXATMDSs26aCc,1sBkRIssrMs1AbVkOJbc7a,65,939014,0
Slim Thug,Rick Ross,,0st5vgzw9XkH5ALJiUM1lE,1sBkRIssrMs1AbVkOJbc7a,59,795979,0
The Diplomats,Rick Ross,,0P8YNJXX7QeQ8iZIUCXJgi,1sBkRIssrMs1AbVkOJbc7a,47,330782,0
Young Dro,Rick Ross,,3ZooCJzNMTLpmJaIRUEorI,1sBkRIssrMs1AbVkOJbc7a,48,742199,0
Jadakiss,Rick Ross,,5pnbUBPifNnlusY8kTBivi,1sBkRIssrMs1AbVkOJbc7a,65,931833,2
Beanie Sigel,Rick Ross,,0tCtGc5vt29zFZp6KXzN50,1sBkRIssrMs1AbVkOJbc7a,53,566660,0
Plies,Rick Ross,,3jksrX4oBklxR78ft8gv3j,1sBkRIssrMs1AbVkOJbc7a,62,1578945,0
2 Chainz,Rick Ross,,17lzZA2AlOHwCwFALHttmp,1sBkRIssrMs1AbVkOJbc7a,76,7236641,0
Majid Jordan,PARTYNEXTDOOR,,4HzKw8XcD0piJmDrrPRCYk,2HPaUgqeutzr3jx5a9WyDV,66,729509,0
Bryson Tiller,PARTYNEXTDOOR,,2EMAnMvWE2eb56ToJVfCWs,2HPaUgqeutzr3jx5a9WyDV,77,5742801,0
Roy Woods,PARTYNEXTDOOR,,7mDU6nMUJnOSY2Hkjz5oqM,2HPaUgqeutzr3jx5a9WyDV,61,871643,0
6LACK,PARTYNEXTDOOR,,4IVAbR2w4JJNJDDRFP3E83,2HPaUgqeutzr3jx5a9WyDV,74,3546546,0
Yo Trane,PARTYNEXTDOOR,,4W49e48G0gg1pucAN6JiGH,2HPaUgqeutzr3jx5a9WyDV,47,191387,0
TYuS,PARTYNEXTDOOR,,5J7URjIP8aFmeSn2QwF9Au,2HPaUgqeutzr3jx5a9WyDV,40,143340,0
Brent Faiyaz,PARTYNEXTDOOR,,3tlXnStJ1fFhdScmQeLpuG,2HPaUgqeutzr3jx5a9WyDV,76,2420930,0
PnB Rock,PARTYNEXTDOOR,,21WS9wngs9AqFckK7yYJPM,2HPaUgqeutzr3jx5a9WyDV,69,3368858,0
Ramriddlz,PARTYNEXTDOOR,,3fHjwMnkM9ov8CozqkYxWY,2HPaUgqeutzr3jx5a9WyDV,42,102352,0
Ryan Trey,PARTYNEXTDOOR,,5YHM0i7v5TqqibZhS0YiuX,2HPaUgqeutzr3jx5a9WyDV,52,164366,0
TWENTY88,PARTYNEXTDOOR,,6g8AmloI8egfrr3dm3SnUL,2HPaUgqeutzr3jx5a9WyDV,47,454302,0
Che Ecru,PARTYNEXTDOOR,,45AMD9qU0ERQY5RvR7deHR,2HPaUgqeutzr3jx5a9WyDV,49,136143,0
dvsn,PARTYNEXTDOOR,,7e1ICztHM2Sc4JNLxeMXYl,2HPaUgqeutzr3jx5a9WyDV,58,1071555,0
ELHAE,PARTYNEXTDOOR,,6TrQLQR8tUluPbmdPy6jqY,2HPaUgqeutzr3jx5a9WyDV,46,194232,0
Tems,PARTYNEXTDOOR,,687cZJR45JO7jhk1LHIbgq,2HPaUgqeutzr3jx5a9WyDV,76,570886,0
Miguel,PARTYNEXTDOOR,,360IAlyVv4PCEVjgyMZrxK,2HPaUgqeutzr3jx5a9WyDV,76,4073966,0
Eli Sostre,PARTYNEXTDOOR,,1ZilzPhvZhYUCSGczNRlyt,2HPaUgqeutzr3jx5a9WyDV,46,117649,0
Tory Lanez,PARTYNEXTDOOR,,2jku7tDXc6XoB6MO2hFuqg,2HPaUgqeutzr3jx5a9WyDV,78,4458884,0
Jeremih,PARTYNEXTDOOR,,3KV3p5EY4AvKxOlhGHORLg,2HPaUgqeutzr3jx5a9WyDV,74,5763972,0
Jhené Aiko,PARTYNEXTDOOR,,5ZS223C6JyBfXasXxrRqOk,2HPaUgqeutzr3jx5a9WyDV,75,5600428,0
DJ Drama,2 Chainz,,5oNgAs7j5XcBMzWv3HAnHG,17lzZA2AlOHwCwFALHttmp,56,1225532,1
Juicy J,2 Chainz,,5gCRApTajqwbnHHPbr2Fpi,17lzZA2AlOHwCwFALHttmp,73,2867214,1
Waka Flocka Flame,2 Chainz,,6f4XkbvYlXMH0QgVRzW0sM,17lzZA2AlOHwCwFALHttmp,64,2453444,2
Rick Ross,2 Chainz,,1sBkRIssrMs1AbVkOJbc7a,17lzZA2AlOHwCwFALHttmp,76,6011129,7
Yo Gotti,2 Chainz,,6Ha4aES39QiVjR0L2lwuwq,17lzZA2AlOHwCwFALHttmp,67,3843516,1
Young Money,2 Chainz,,5OrB6Jhhrl9y2PK0pSV4VP,17lzZA2AlOHwCwFALHttmp,62,2503363,0
Ace Hood,2 Chainz,,31HjiqargV4NAw4GZqUale,17lzZA2AlOHwCwFALHttmp,60,1663164,0
Jeezy,2 Chainz,,4yBK75WVCQXej1p04GWqxH,17lzZA2AlOHwCwFALHttmp,69,2151617,3
Birdman,2 Chainz,,35sCXuy5gN6Or69rZ9vqBs,17lzZA2AlOHwCwFALHttmp,63,1050172,1
Big K.R.I.T.,2 Chainz,,0CKa42Jqrc9fSFbDjePaXP,17lzZA2AlOHwCwFALHttmp,61,851718,0
Jim Jones,2 Chainz,,6AMa1VFQ7qCi61tCRtVWXe,17lzZA2AlOHwCwFALHttmp,60,573247,0
Curren$y,2 Chainz,,6X8WdFjrNhXATMDSs26aCc,17lzZA2AlOHwCwFALHttmp,65,939014,0
Wale,2 Chainz,,67nwj3Y5sZQLl72VNUHEYE,17lzZA2AlOHwCwFALHttmp,70,3692039,3
Mike WiLL Made-It,2 Chainz,,0NWbwDZY1VkRqFafuQm6wk,17lzZA2AlOHwCwFALHttmp,64,1408198,0
Quavo,2 Chainz,,0VRj0yCOv2FXJNP47XQnx5,17lzZA2AlOHwCwFALHttmp,78,5767002,4
Gucci Mane,2 Chainz,,13y7CgLHjMVRMDqxdx0Xdo,17lzZA2AlOHwCwFALHttmp,77,4383261,3
Rich Homie Quan,2 Chainz,,5lHRUCqkQZCIWeX7xG4sYT,17lzZA2AlOHwCwFALHttmp,63,2589945,6
French Montana,2 Chainz,,6vXTefBL93Dj5IqAWq6OTv,17lzZA2AlOHwCwFALHttmp,76,4541344,2
Young Scooter,2 Chainz,,4cmA2QDPdzh8W2ytpyUGes,17lzZA2AlOHwCwFALHttmp,53,497751,0
Zaytoven,2 Chainz,,1mceaxtjWdEmwoDVAlkC41,17lzZA2AlOHwCwFALHttmp,56,355465,0
Kid Ink,Tory Lanez,,6KZDXtSj0SzGOV705nNeh3,2jku7tDXc6XoB6MO2hFuqg,67,2856319,0
Bryson Tiller,Tory Lanez,,2EMAnMvWE2eb56ToJVfCWs,2jku7tDXc6XoB6MO2hFuqg,77,5742801,2
Ty Dolla $ign,Tory Lanez,,7c0XG5cIJTrrAgEC3ULPiq,2jku7tDXc6XoB6MO2hFuqg,80,4275651,0
French Montana,Tory Lanez,,6vXTefBL93Dj5IqAWq6OTv,2jku7tDXc6XoB6MO2hFuqg,76,4541344,0
Meek Mill,Tory Lanez,,20sxb77xiYeusSH8cVdatc,2jku7tDXc6XoB6MO2hFuqg,75,6275718,2
6LACK,Tory Lanez,,4IVAbR2w4JJNJDDRFP3E83,2jku7tDXc6XoB6MO2hFuqg,74,3546546,0
Preme,Tory Lanez,,0bdJZl7TDeiymDYzMJnVh2,2jku7tDXc6XoB6MO2hFuqg,61,122681,0
Jeremih,Tory Lanez,,3KV3p5EY4AvKxOlhGHORLg,2jku7tDXc6XoB6MO2hFuqg,74,5763972,0
Wale,Tory Lanez,,67nwj3Y5sZQLl72VNUHEYE,2jku7tDXc6XoB6MO2hFuqg,70,3692039,0
August Alsina,Tory Lanez,,19Fi1Rj7kk8kyiwxpXy3yM,2jku7tDXc6XoB6MO2hFuqg,62,2353825,0
PARTYNEXTDOOR,Tory Lanez,,2HPaUgqeutzr3jx5a9WyDV,2jku7tDXc6XoB6MO2hFuqg,74,3915060,0
Vory,Tory Lanez,,0GeeIVcvGA8GSlWsoY1dkG,2jku7tDXc6XoB6MO2hFuqg,61,93287,0
Nipsey Hussle,Tory Lanez,,0EeQBlQJFiAfJeVN2vT9s0,2jku7tDXc6XoB6MO2hFuqg,66,2770561,0
Roy Woods,Tory Lanez,,7mDU6nMUJnOSY2Hkjz5oqM,2jku7tDXc6XoB6MO2hFuqg,61,871643,0
Jacquees,Tory Lanez,,4tMm1dU6Gn04VAZ9ClHcIZ,2jku7tDXc6XoB6MO2hFuqg,65,2170300,0
PnB Rock,Tory Lanez,,21WS9wngs9AqFckK7yYJPM,2jku7tDXc6XoB6MO2hFuqg,69,3368858,2
Tee Grizzley,Tory Lanez,,6AUl0ykLLpvTktob97x9hO,2jku7tDXc6XoB6MO2hFuqg,67,2919999,0
Trey Songz,Tory Lanez,,2iojnBLj0qIMiKPvVhLnsH,2jku7tDXc6XoB6MO2hFuqg,69,6645396,4
Quavo,Tory Lanez,,0VRj0yCOv2FXJNP47XQnx5,2jku7tDXc6XoB6MO2hFuqg,78,5767002,2
Rick Ross,Tory Lanez,,1sBkRIssrMs1AbVkOJbc7a,2jku7tDXc6XoB6MO2hFuqg,76,6011129,0
Young Thug,Future,,50co4Is1HCEo8bhOyUWKpn,1RyvyyTE3xzB2ZywiAwp0i,84,7321434,38
2 Chainz,Future,,17lzZA2AlOHwCwFALHttmp,1RyvyyTE3xzB2ZywiAwp0i,76,7236641,3
Meek Mill,Future,,20sxb77xiYeusSH8cVdatc,1RyvyyTE3xzB2ZywiAwp0i,75,6275718,2
Yo Gotti,Future,,6Ha4aES39QiVjR0L2lwuwq,1RyvyyTE3xzB2ZywiAwp0i,67,3843516,3
Gucci Mane,Future,,13y7CgLHjMVRMDqxdx0Xdo,1RyvyyTE3xzB2ZywiAwp0i,77,4383261,12
French Montana,Future,,6vXTefBL93Dj5IqAWq6OTv,1RyvyyTE3xzB2ZywiAwp0i,76,4541344,4
Chief Keef,Future,,15iVAtD3s3FsQR4w1v6M0P,1RyvyyTE3xzB2ZywiAwp0i,72,3382870,0
Lil Durk,Future,,3hcs9uc56yIGFCSy9leWe7,1RyvyyTE3xzB2ZywiAwp0i,83,4209484,5
Rick Ross,Future,,1sBkRIssrMs1AbVkOJbc7a,1RyvyyTE3xzB2ZywiAwp0i,76,6011129,5
Young Dolph,Future,,3HiuzBlSW7pGDXlSFMhO2g,1RyvyyTE3xzB2ZywiAwp0i,71,2090791,1
A$AP Ferg,Future,,5dHt1vcEm9qb8fCyLcB3HL,1RyvyyTE3xzB2ZywiAwp0i,71,3363425,1
YG,Future,,0A0FS04o6zMoto8OKPsDwY,1RyvyyTE3xzB2ZywiAwp0i,75,2871227,2
Waka Flocka Flame,Future,,6f4XkbvYlXMH0QgVRzW0sM,1RyvyyTE3xzB2ZywiAwp0i,64,2453444,1
Juicy J,Future,,5gCRApTajqwbnHHPbr2Fpi,1RyvyyTE3xzB2ZywiAwp0i,73,2867214,7
21 Savage,Future,,1URnnhqYAYcrqrcwql10ft,1RyvyyTE3xzB2ZywiAwp0i,85,11374939,2
Quavo,Future,,0VRj0yCOv2FXJNP47XQnx5,1RyvyyTE3xzB2ZywiAwp0i,78,5767002,0
Migos,Future,,6oMuImdp5ZcFhWP0ESe6mG,1RyvyyTE3xzB2ZywiAwp0i,77,12431842,0
"NAV",Future,,7rkW85dBwwrJtlHRDkJDAC,1RyvyyTE3xzB2ZywiAwp0i,73,2995433,0
Lil Yachty,Future,,6icQOAFXDZKsumw3YXyusw,1RyvyyTE3xzB2ZywiAwp0i,76,8166006,0
Kodak Black,Future,,46SHBwWsqBkxI7EeeBEQG7,1RyvyyTE3xzB2ZywiAwp0i,80,8263063,5
21 Savage,Young Thug,,1URnnhqYAYcrqrcwql10ft,50co4Is1HCEo8bhOyUWKpn,85,11374939,3
Quavo,Young Thug,,0VRj0yCOv2FXJNP47XQnx5,50co4Is1HCEo8bhOyUWKpn,78,5767002,7
Migos,Young Thug,,6oMuImdp5ZcFhWP0ESe6mG,50co4Is1HCEo8bhOyUWKpn,77,12431842,11
A$AP Mob,Young Thug,,7yO4IdJjCEPz7YgZMe25iS,50co4Is1HCEo8bhOyUWKpn,59,1923512,0
Gunna,Young Thug,,2hlmm7s2ICUX0LVIhVFlZQ,50co4Is1HCEo8bhOyUWKpn,84,4397914,56
Lil Yachty,Young Thug,,6icQOAFXDZKsumw3YXyusw,50co4Is1HCEo8bhOyUWKpn,76,8166006,0
Don Toliver,Young Thug,,4Gso3d4CscCijv0lmajZWs,50co4Is1HCEo8bhOyUWKpn,78,2200001,2
Famous Dex,Young Thug,,0WOxhx4hikIsyF3CRPLC8W,50co4Is1HCEo8bhOyUWKpn,60,2386034,0
A$AP Ferg,Young Thug,,5dHt1vcEm9qb8fCyLcB3HL,50co4Is1HCEo8bhOyUWKpn,71,3363425,0
Kodak Black,Young Thug,,46SHBwWsqBkxI7EeeBEQG7,50co4Is1HCEo8bhOyUWKpn,80,8263063,0
Huncho Jack,Young Thug,,6extd4B6hl8VTmnlhpl2bY,50co4Is1HCEo8bhOyUWKpn,58,1015137,0
Lil Keed,Young Thug,,3uJx5SnOM59Li7lCxA3b29,50co4Is1HCEo8bhOyUWKpn,61,816993,12
SahBabii,Young Thug,,7GuUYiGZOzQwq4L6gAfy1T,50co4Is1HCEo8bhOyUWKpn,55,572815,0
Young Nudy,Young Thug,,5yPzzu25VzEk8qrGTLIrE1,50co4Is1HCEo8bhOyUWKpn,69,928475,0
"NAV",Young Thug,,7rkW85dBwwrJtlHRDkJDAC,50co4Is1HCEo8bhOyUWKpn,73,2995433,9
Rae Sremmurd,Young Thug,,7iZtZyCzp3LItcw1wtPI3D,50co4Is1HCEo8bhOyUWKpn,72,6904241,0
Desiigner,Young Thug,,7pFeBzX627ff0VnN6bxPR4,50co4Is1HCEo8bhOyUWKpn,63,3389562,0
Pi’erre Bourne,Young Thug,,3x3jSlhyv5CiCZDZlaTq0M,50co4Is1HCEo8bhOyUWKpn,64,692088,0
UnoTheActivist,Young Thug,,0bZ9jANLkwEFVcSnHnwrpb,50co4Is1HCEo8bhOyUWKpn,57,342390,0
Mike WiLL Made-It,Young Thug,,0NWbwDZY1VkRqFafuQm6wk,50co4Is1HCEo8bhOyUWKpn,64,1408198,0
Trey Songz,Jeremih,,2iojnBLj0qIMiKPvVhLnsH,3KV3p5EY4AvKxOlhGHORLg,69,6645396,0
Mario,Jeremih,,20s0P9QLxGqKuCsGwFsp7w,3KV3p5EY4AvKxOlhGHORLg,64,2744059,0
Lloyd,Jeremih,,1Xfmvd48oOhEWkscWyEbh9,3KV3p5EY4AvKxOlhGHORLg,65,1925961,0
Pleasure P,Jeremih,,6dROiL44pIQZVNZ6Bc0OJO,3KV3p5EY4AvKxOlhGHORLg,49,1113624,0
Pretty Ricky,Jeremih,,6XwcepfAsPhrvwziGxhwju,3KV3p5EY4AvKxOlhGHORLg,55,1398250,0
Omarion,Jeremih,,0f5nVCcR06GX8Qikz0COtT,3KV3p5EY4AvKxOlhGHORLg,60,2469250,0
The-Dream,Jeremih,,1W3FSF1BLpY3hlVIgvenLz,3KV3p5EY4AvKxOlhGHORLg,63,1113004,0
J. Holiday,Jeremih,,7G6hXrjGpi6I7waNl4wxAk,3KV3p5EY4AvKxOlhGHORLg,52,1384485,0
Miguel,Jeremih,,360IAlyVv4PCEVjgyMZrxK,3KV3p5EY4AvKxOlhGHORLg,76,4073966,0
T-Pain,Jeremih,,3aQeKQSyrW4qWr35idm0cy,3KV3p5EY4AvKxOlhGHORLg,76,3879843,0
August Alsina,Jeremih,,19Fi1Rj7kk8kyiwxpXy3yM,3KV3p5EY4AvKxOlhGHORLg,62,2353825,0
Sammie,Jeremih,,4p07QU02SrLsaORo25h2Lg,3KV3p5EY4AvKxOlhGHORLg,61,499212,0
Keyshia Cole,Jeremih,,1vfezMIyCr4XUdYRaKIKi3,3KV3p5EY4AvKxOlhGHORLg,64,3052109,0
Ginuwine,Jeremih,,7r8RF1tN2A4CiGEplkp1oP,3KV3p5EY4AvKxOlhGHORLg,65,2199883,0
Baby Bash,Jeremih,,12PSlydMSjEHzSCj9X5qv7,3KV3p5EY4AvKxOlhGHORLg,61,780928,0
Jhené Aiko,Jeremih,,5ZS223C6JyBfXasXxrRqOk,3KV3p5EY4AvKxOlhGHORLg,75,5600428,2
Young Money,Jeremih,,5OrB6Jhhrl9y2PK0pSV4VP,3KV3p5EY4AvKxOlhGHORLg,62,2503363,0
Bryson Tiller,Jeremih,,2EMAnMvWE2eb56ToJVfCWs,3KV3p5EY4AvKxOlhGHORLg,77,5742801,0
Bow Wow,Jeremih,,7352aRY2mqSxBZwzUb6LmA,3KV3p5EY4AvKxOlhGHORLg,60,1159226,0
Bobby V.,Jeremih,,4HgF4KnohByNElYid7iCNb,3KV3p5EY4AvKxOlhGHORLg,58,809822,0
Roy Woods,Bryson Tiller,,7mDU6nMUJnOSY2Hkjz5oqM,2EMAnMvWE2eb56ToJVfCWs,61,871643,0
PARTYNEXTDOOR,Bryson Tiller,,2HPaUgqeutzr3jx5a9WyDV,2EMAnMvWE2eb56ToJVfCWs,74,3915060,0
Majid Jordan,Bryson Tiller,,4HzKw8XcD0piJmDrrPRCYk,2EMAnMvWE2eb56ToJVfCWs,66,729509,0
Yo Trane,Bryson Tiller,,4W49e48G0gg1pucAN6JiGH,2EMAnMvWE2eb56ToJVfCWs,47,191387,0
TWENTY88,Bryson Tiller,,6g8AmloI8egfrr3dm3SnUL,2EMAnMvWE2eb56ToJVfCWs,47,454302,0
6LACK,Bryson Tiller,,4IVAbR2w4JJNJDDRFP3E83,2EMAnMvWE2eb56ToJVfCWs,74,3546546,0
Ryan Trey,Bryson Tiller,,5YHM0i7v5TqqibZhS0YiuX,2EMAnMvWE2eb56ToJVfCWs,52,164366,0
TYuS,Bryson Tiller,,5J7URjIP8aFmeSn2QwF9Au,2EMAnMvWE2eb56ToJVfCWs,40,143340,0
Brent Faiyaz,Bryson Tiller,,3tlXnStJ1fFhdScmQeLpuG,2EMAnMvWE2eb56ToJVfCWs,76,2420930,0
PnB Rock,Bryson Tiller,,21WS9wngs9AqFckK7yYJPM,2EMAnMvWE2eb56ToJVfCWs,69,3368858,0
Jhené Aiko,Bryson Tiller,,5ZS223C6JyBfXasXxrRqOk,2EMAnMvWE2eb56ToJVfCWs,75,5600428,0
Che Ecru,Bryson Tiller,,45AMD9qU0ERQY5RvR7deHR,2EMAnMvWE2eb56ToJVfCWs,49,136143,0
Tory Lanez,Bryson Tiller,,2jku7tDXc6XoB6MO2hFuqg,2EMAnMvWE2eb56ToJVfCWs,78,4458884,0
Jeremih,Bryson Tiller,,3KV3p5EY4AvKxOlhGHORLg,2EMAnMvWE2eb56ToJVfCWs,74,5763972,0
Miguel,Bryson Tiller,,360IAlyVv4PCEVjgyMZrxK,2EMAnMvWE2eb56ToJVfCWs,76,4073966,0
DaniLeigh,Bryson Tiller,,0XIKGBo9PnK1ApI5tZA60d,2EMAnMvWE2eb56ToJVfCWs,60,993275,0
August Alsina,Bryson Tiller,,19Fi1Rj7kk8kyiwxpXy3yM,2EMAnMvWE2eb56ToJVfCWs,62,2353825,0
ELHAE,Bryson Tiller,,6TrQLQR8tUluPbmdPy6jqY,2EMAnMvWE2eb56ToJVfCWs,46,194232,0
Jacquees,Bryson Tiller,,4tMm1dU6Gn04VAZ9ClHcIZ,2EMAnMvWE2eb56ToJVfCWs,65,2170300,0
Kaash Paige,Bryson Tiller,,0f2YkMXwFNJNSX7MymevKE,2EMAnMvWE2eb56ToJVfCWs,61,259162,0
Jim Jones,French Montana,,6AMa1VFQ7qCi61tCRtVWXe,6vXTefBL93Dj5IqAWq6OTv,60,573247,3
Max B,French Montana,,7f35VZGDpomj11PXdNn5D9,6vXTefBL93Dj5IqAWq6OTv,43,190733,90
Meek Mill,French Montana,,20sxb77xiYeusSH8cVdatc,6vXTefBL93Dj5IqAWq6OTv,75,6275718,1
DJ Drama,French Montana,,5oNgAs7j5XcBMzWv3HAnHG,6vXTefBL93Dj5IqAWq6OTv,56,1225532,0
Juelz Santana,French Montana,,6Uh8uJyN9g7oFjDK16nJgb,6vXTefBL93Dj5IqAWq6OTv,64,695323,0
Rick Ross,French Montana,,1sBkRIssrMs1AbVkOJbc7a,6vXTefBL93Dj5IqAWq6OTv,76,6011129,42
Fabolous,French Montana,,0YWxKQj2Go9CGHCp77UOyy,6vXTefBL93Dj5IqAWq6OTv,66,2291723,7
Waka Flocka Flame,French Montana,,6f4XkbvYlXMH0QgVRzW0sM,6vXTefBL93Dj5IqAWq6OTv,64,2453444,3
Uncle Murda,French Montana,,3kortApcf0ntRWexUkJE4H,6vXTefBL93Dj5IqAWq6OTv,45,249765,3
The Diplomats,French Montana,,0P8YNJXX7QeQ8iZIUCXJgi,6vXTefBL93Dj5IqAWq6OTv,47,330782,0
Vado,French Montana,,4ubKsFJjMgWkARG6w2Qlv8,6vXTefBL93Dj5IqAWq6OTv,43,114837,2
Kid Ink,French Montana,,6KZDXtSj0SzGOV705nNeh3,6vXTefBL93Dj5IqAWq6OTv,67,2856319,0
Ace Hood,French Montana,,31HjiqargV4NAw4GZqUale,6vXTefBL93Dj5IqAWq6OTv,60,1663164,12
Yo Gotti,French Montana,,6Ha4aES39QiVjR0L2lwuwq,6vXTefBL93Dj5IqAWq6OTv,67,3843516,0
Young Money,French Montana,,5OrB6Jhhrl9y2PK0pSV4VP,6vXTefBL93Dj5IqAWq6OTv,62,2503363,0
Jadakiss,French Montana,,5pnbUBPifNnlusY8kTBivi,6vXTefBL93Dj5IqAWq6OTv,65,931833,11
Juicy J,French Montana,,5gCRApTajqwbnHHPbr2Fpi,6vXTefBL93Dj5IqAWq6OTv,73,2867214,21
Wale,French Montana,,67nwj3Y5sZQLl72VNUHEYE,6vXTefBL93Dj5IqAWq6OTv,70,3692039,4
Styles P,French Montana,,2x8KDZdSONA3872CnhaAlX,6vXTefBL93Dj5IqAWq6OTv,61,586553,1
Lloyd Banks,French Montana,,3vDUJHQtqT3jFRZ2ECXDTi,6vXTefBL93Dj5IqAWq6OTv,64,1133157,3
dvsn,Miguel,,7e1ICztHM2Sc4JNLxeMXYl,360IAlyVv4PCEVjgyMZrxK,58,1071555,0
Majid Jordan,Miguel,,4HzKw8XcD0piJmDrrPRCYk,360IAlyVv4PCEVjgyMZrxK,66,729509,0
TWENTY88,Miguel,,6g8AmloI8egfrr3dm3SnUL,360IAlyVv4PCEVjgyMZrxK,47,454302,0
Brent Faiyaz,Miguel,,3tlXnStJ1fFhdScmQeLpuG,360IAlyVv4PCEVjgyMZrxK,76,2420930,0
Jhené Aiko,Miguel,,5ZS223C6JyBfXasXxrRqOk,360IAlyVv4PCEVjgyMZrxK,75,5600428,0
H.E.R.,Miguel,,3Y7RZ31TRPVadSFVy1o8os,360IAlyVv4PCEVjgyMZrxK,74,5289076,0
Ro James,Miguel,,7r2oyrNc0YjSC7hZL87V0Y,360IAlyVv4PCEVjgyMZrxK,45,252578,0
Syd,Miguel,,3jk39CGeaaSO3FPKNx1RUx,360IAlyVv4PCEVjgyMZrxK,65,476582,0
Bryson Tiller,Miguel,,2EMAnMvWE2eb56ToJVfCWs,360IAlyVv4PCEVjgyMZrxK,77,5742801,0
PARTYNEXTDOOR,Miguel,,2HPaUgqeutzr3jx5a9WyDV,360IAlyVv4PCEVjgyMZrxK,74,3915060,0
Roy Woods,Miguel,,7mDU6nMUJnOSY2Hkjz5oqM,360IAlyVv4PCEVjgyMZrxK,61,871643,0
Jeremih,Miguel,,3KV3p5EY4AvKxOlhGHORLg,360IAlyVv4PCEVjgyMZrxK,74,5763972,0
Xavier Omär,Miguel,,3UjPnt2nRmw10N58bBeNOg,360IAlyVv4PCEVjgyMZrxK,53,338984,0
Lloyd,Miguel,,1Xfmvd48oOhEWkscWyEbh9,360IAlyVv4PCEVjgyMZrxK,65,1925961,0
Trey Songz,Miguel,,2iojnBLj0qIMiKPvVhLnsH,360IAlyVv4PCEVjgyMZrxK,69,6645396,0
SiR,Miguel,,3QTDHixorJelOLxoxcjqGx,360IAlyVv4PCEVjgyMZrxK,62,698283,0
Teyana Taylor,Miguel,,4ULO7IGI3M2bo0Ap7B9h8a,360IAlyVv4PCEVjgyMZrxK,61,1474696,0
The-Dream,Miguel,,1W3FSF1BLpY3hlVIgvenLz,360IAlyVv4PCEVjgyMZrxK,63,1113004,0
Jazmine Sullivan,Miguel,,7gSjFKpVmDgC2MMsnN8CYq,360IAlyVv4PCEVjgyMZrxK,63,1713428,0
Keyshia Cole,Miguel,,1vfezMIyCr4XUdYRaKIKi3,360IAlyVv4PCEVjgyMZrxK,64,3052109,0
Quavo,21 Savage,,0VRj0yCOv2FXJNP47XQnx5,1URnnhqYAYcrqrcwql10ft,78,5767002,2
Young Thug,21 Savage,,50co4Is1HCEo8bhOyUWKpn,1URnnhqYAYcrqrcwql10ft,84,7321434,6
Gunna,21 Savage,,2hlmm7s2ICUX0LVIhVFlZQ,1URnnhqYAYcrqrcwql10ft,84,4397914,2
Huncho Jack,21 Savage,,6extd4B6hl8VTmnlhpl2bY,1URnnhqYAYcrqrcwql10ft,58,1015137,0
Metro Boomin,21 Savage,,0iEtIxbK0KxaSlF7G42ZOp,1URnnhqYAYcrqrcwql10ft,77,2991253,114
Don Toliver,21 Savage,,4Gso3d4CscCijv0lmajZWs,1URnnhqYAYcrqrcwql10ft,78,2200001,0
Sheck Wes,21 Savage,,2RDOrhPqAM4jzTRCEb19qX,1URnnhqYAYcrqrcwql10ft,64,1298964,0
Lil Baby,21 Savage,,5f7VJjfbwm532GiveGC0ZK,1URnnhqYAYcrqrcwql10ft,87,10820113,0
Lil Yachty,21 Savage,,6icQOAFXDZKsumw3YXyusw,1URnnhqYAYcrqrcwql10ft,76,8166006,1
Lil Keed,21 Savage,,3uJx5SnOM59Li7lCxA3b29,1URnnhqYAYcrqrcwql10ft,61,816993,0
Trippie Redd,21 Savage,,6Xgp2XMz1fhVYe7i6yNAax,1URnnhqYAYcrqrcwql10ft,81,7722917,0
Migos,21 Savage,,6oMuImdp5ZcFhWP0ESe6mG,1URnnhqYAYcrqrcwql10ft,77,12431842,0
88GLAM,21 Savage,,2I9SLklAOG0vdMiUUMNxRl,1URnnhqYAYcrqrcwql10ft,57,420855,0
"NAV",21 Savage,,7rkW85dBwwrJtlHRDkJDAC,1URnnhqYAYcrqrcwql10ft,73,2995433,0
Young Nudy,21 Savage,,5yPzzu25VzEk8qrGTLIrE1,1URnnhqYAYcrqrcwql10ft,69,928475,5
Flipp Dinero,21 Savage,,2HUwZ0kumzCSlhFcjFZfpp,1URnnhqYAYcrqrcwql10ft,60,1088874,0
A$AP Mob,21 Savage,,7yO4IdJjCEPz7YgZMe25iS,1URnnhqYAYcrqrcwql10ft,59,1923512,0
YG,21 Savage,,0A0FS04o6zMoto8OKPsDwY,1URnnhqYAYcrqrcwql10ft,75,2871227,0
A$AP Ferg,21 Savage,,5dHt1vcEm9qb8fCyLcB3HL,1URnnhqYAYcrqrcwql10ft,71,3363425,0
Playboi Carti,21 Savage,,699OTQXzgjhIYAHMy9RyPD,1URnnhqYAYcrqrcwql10ft,81,6681714,0
Quavo,Metro Boomin,,0VRj0yCOv2FXJNP47XQnx5,0iEtIxbK0KxaSlF7G42ZOp,78,5767002,2
21 Savage,Metro Boomin,,1URnnhqYAYcrqrcwql10ft,0iEtIxbK0KxaSlF7G42ZOp,85,11374939,94
Sheck Wes,Metro Boomin,,2RDOrhPqAM4jzTRCEb19qX,0iEtIxbK0KxaSlF7G42ZOp,64,1298964,0
Don Toliver,Metro Boomin,,4Gso3d4CscCijv0lmajZWs,0iEtIxbK0KxaSlF7G42ZOp,78,2200001,0
Huncho Jack,Metro Boomin,,6extd4B6hl8VTmnlhpl2bY,0iEtIxbK0KxaSlF7G42ZOp,58,1015137,0
Lil Yachty,Metro Boomin,,6icQOAFXDZKsumw3YXyusw,0iEtIxbK0KxaSlF7G42ZOp,76,8166006,0
Young Nudy,Metro Boomin,,5yPzzu25VzEk8qrGTLIrE1,0iEtIxbK0KxaSlF7G42ZOp,69,928475,4
Quality Control,Metro Boomin,,6i392l38cR3uBPF0DbNs7S,0iEtIxbK0KxaSlF7G42ZOp,64,1032225,0
"NAV",Metro Boomin,,7rkW85dBwwrJtlHRDkJDAC,0iEtIxbK0KxaSlF7G42ZOp,73,2995433,30
Gunna,Metro Boomin,,2hlmm7s2ICUX0LVIhVFlZQ,0iEtIxbK0KxaSlF7G42ZOp,84,4397914,4
Flipp Dinero,Metro Boomin,,2HUwZ0kumzCSlhFcjFZfpp,0iEtIxbK0KxaSlF7G42ZOp,60,1088874,0
Rich The Kid,Metro Boomin,,1pPmIToKXyGdsCF6LmqLmI,0iEtIxbK0KxaSlF7G42ZOp,68,2866046,0
SahBabii,Metro Boomin,,7GuUYiGZOzQwq4L6gAfy1T,0iEtIxbK0KxaSlF7G42ZOp,55,572815,0
88GLAM,Metro Boomin,,2I9SLklAOG0vdMiUUMNxRl,0iEtIxbK0KxaSlF7G42ZOp,57,420855,0
Comethazine,Metro Boomin,,1iJdyDcY98X3GMnUesl7tf,0iEtIxbK0KxaSlF7G42ZOp,63,2011758,0
Young Thug,Metro Boomin,,50co4Is1HCEo8bhOyUWKpn,0iEtIxbK0KxaSlF7G42ZOp,84,7321434,11
Kodak Black,Metro Boomin,,46SHBwWsqBkxI7EeeBEQG7,0iEtIxbK0KxaSlF7G42ZOp,80,8263063,2
Lil Baby,Metro Boomin,,5f7VJjfbwm532GiveGC0ZK,0iEtIxbK0KxaSlF7G42ZOp,87,10820113,0
Roddy Ricch,Metro Boomin,,757aE44tKEUQEqRuT6GnEB,0iEtIxbK0KxaSlF7G42ZOp,81,8078113,0
YBN Nahmir,Metro Boomin,,3gGUMEwIX6XodWsYEvKSal,0iEtIxbK0KxaSlF7G42ZOp,63,2865549,0
A$AP Ferg,Migos,,5dHt1vcEm9qb8fCyLcB3HL,6oMuImdp5ZcFhWP0ESe6mG,71,3363425,0
YG,Migos,,0A0FS04o6zMoto8OKPsDwY,6oMuImdp5ZcFhWP0ESe6mG,75,2871227,0
Desiigner,Migos,,7pFeBzX627ff0VnN6bxPR4,6oMuImdp5ZcFhWP0ESe6mG,63,3389562,0
Huncho Jack,Migos,,6extd4B6hl8VTmnlhpl2bY,6oMuImdp5ZcFhWP0ESe6mG,58,1015137,0
Rae Sremmurd,Migos,,7iZtZyCzp3LItcw1wtPI3D,6oMuImdp5ZcFhWP0ESe6mG,72,6904241,0
Young Thug,Migos,,50co4Is1HCEo8bhOyUWKpn,6oMuImdp5ZcFhWP0ESe6mG,84,7321434,16
Lil Yachty,Migos,,6icQOAFXDZKsumw3YXyusw,6oMuImdp5ZcFhWP0ESe6mG,76,8166006,0
Mike WiLL Made-It,Migos,,0NWbwDZY1VkRqFafuQm6wk,6oMuImdp5ZcFhWP0ESe6mG,64,1408198,0
21 Savage,Migos,,1URnnhqYAYcrqrcwql10ft,6oMuImdp5ZcFhWP0ESe6mG,85,11374939,2
Kodak Black,Migos,,46SHBwWsqBkxI7EeeBEQG7,6oMuImdp5ZcFhWP0ESe6mG,80,8263063,0
Quality Control,Migos,,6i392l38cR3uBPF0DbNs7S,6oMuImdp5ZcFhWP0ESe6mG,64,1032225,0
Metro Boomin,Migos,,0iEtIxbK0KxaSlF7G42ZOp,6oMuImdp5ZcFhWP0ESe6mG,77,2991253,0
88GLAM,Migos,,2I9SLklAOG0vdMiUUMNxRl,6oMuImdp5ZcFhWP0ESe6mG,57,420855,0
Bobby Shmurda,Migos,,34Y0ldeyUv7jBvukWOGASO,6oMuImdp5ZcFhWP0ESe6mG,60,1332920,0
Lil Uzi Vert,Migos,,4O15NlyKLIASxsJ0PrXPfz,6oMuImdp5ZcFhWP0ESe6mG,84,13489137,2
Gunna,Migos,,2hlmm7s2ICUX0LVIhVFlZQ,6oMuImdp5ZcFhWP0ESe6mG,84,4397914,0
Quavo,Migos,,0VRj0yCOv2FXJNP47XQnx5,6oMuImdp5ZcFhWP0ESe6mG,78,5767002,4
A$AP Mob,Migos,,7yO4IdJjCEPz7YgZMe25iS,6oMuImdp5ZcFhWP0ESe6mG,59,1923512,0
Famous Dex,Migos,,0WOxhx4hikIsyF3CRPLC8W,6oMuImdp5ZcFhWP0ESe6mG,60,2386034,0
Young Nudy,Migos,,5yPzzu25VzEk8qrGTLIrE1,6oMuImdp5ZcFhWP0ESe6mG,69,928475,0
Young Money,Lil Wayne,,5OrB6Jhhrl9y2PK0pSV4VP,55Aa2cqylxrFIXC767Z865,62,2503363,1
Rick Ross,Lil Wayne,,1sBkRIssrMs1AbVkOJbc7a,55Aa2cqylxrFIXC767Z865,76,6011129,8
Birdman,Lil Wayne,,35sCXuy5gN6Or69rZ9vqBs,55Aa2cqylxrFIXC767Z865,63,1050172,53
Yo Gotti,Lil Wayne,,6Ha4aES39QiVjR0L2lwuwq,55Aa2cqylxrFIXC767Z865,67,3843516,1
Waka Flocka Flame,Lil Wayne,,6f4XkbvYlXMH0QgVRzW0sM,55Aa2cqylxrFIXC767Z865,64,2453444,0
Jeezy,Lil Wayne,,4yBK75WVCQXej1p04GWqxH,55Aa2cqylxrFIXC767Z865,69,2151617,2
T.I.,Lil Wayne,,4OBJLual30L7gRl5UkeRcT,55Aa2cqylxrFIXC767Z865,73,4248795,0
Gucci Mane,Lil Wayne,,13y7CgLHjMVRMDqxdx0Xdo,55Aa2cqylxrFIXC767Z865,77,4383261,2
Plies,Lil Wayne,,3jksrX4oBklxR78ft8gv3j,55Aa2cqylxrFIXC767Z865,62,1578945,0
2 Chainz,Lil Wayne,,17lzZA2AlOHwCwFALHttmp,55Aa2cqylxrFIXC767Z865,76,7236641,25
Ace Hood,Lil Wayne,,31HjiqargV4NAw4GZqUale,55Aa2cqylxrFIXC767Z865,60,1663164,0
Juicy J,Lil Wayne,,5gCRApTajqwbnHHPbr2Fpi,55Aa2cqylxrFIXC767Z865,73,2867214,9
Meek Mill,Lil Wayne,,20sxb77xiYeusSH8cVdatc,55Aa2cqylxrFIXC767Z865,75,6275718,0
DJ Drama,Lil Wayne,,5oNgAs7j5XcBMzWv3HAnHG,55Aa2cqylxrFIXC767Z865,56,1225532,0
Wale,Lil Wayne,,67nwj3Y5sZQLl72VNUHEYE,55Aa2cqylxrFIXC767Z865,70,3692039,0
Fabolous,Lil Wayne,,0YWxKQj2Go9CGHCp77UOyy,55Aa2cqylxrFIXC767Z865,66,2291723,7
Big Sean,Lil Wayne,,0c173mlxpT3dSFRgMO8XPh,55Aa2cqylxrFIXC767Z865,78,9766529,10
French Montana,Lil Wayne,,6vXTefBL93Dj5IqAWq6OTv,55Aa2cqylxrFIXC767Z865,76,4541344,2
Mike Jones,Lil Wayne,,07VmOvmuBp9G0gb8BTrpn0,55Aa2cqylxrFIXC767Z865,59,455702,0
DJ Khaled,Lil Wayne,,0QHgL1lAIqAw0HtD7YldmP,55Aa2cqylxrFIXC767Z865,76,7801700,0
Kid Ink,Ty Dolla $ign,,6KZDXtSj0SzGOV705nNeh3,7c0XG5cIJTrrAgEC3ULPiq,67,2856319,0
Tory Lanez,Ty Dolla $ign,,2jku7tDXc6XoB6MO2hFuqg,7c0XG5cIJTrrAgEC3ULPiq,78,4458884,3
Preme,Ty Dolla $ign,,0bdJZl7TDeiymDYzMJnVh2,7c0XG5cIJTrrAgEC3ULPiq,61,122681,0
Wale,Ty Dolla $ign,,67nwj3Y5sZQLl72VNUHEYE,7c0XG5cIJTrrAgEC3ULPiq,70,3692039,0
August Alsina,Ty Dolla $ign,,19Fi1Rj7kk8kyiwxpXy3yM,7c0XG5cIJTrrAgEC3ULPiq,62,2353825,0
French Montana,Ty Dolla $ign,,6vXTefBL93Dj5IqAWq6OTv,7c0XG5cIJTrrAgEC3ULPiq,76,4541344,5
Jacquees,Ty Dolla $ign,,4tMm1dU6Gn04VAZ9ClHcIZ,7c0XG5cIJTrrAgEC3ULPiq,65,2170300,0
Young Money,Ty Dolla $ign,,5OrB6Jhhrl9y2PK0pSV4VP,7c0XG5cIJTrrAgEC3ULPiq,62,2503363,0
Jeremih,Ty Dolla $ign,,3KV3p5EY4AvKxOlhGHORLg,7c0XG5cIJTrrAgEC3ULPiq,74,5763972,25
Mustard,Ty Dolla $ign,,0YinUQ50QDB7ZxSCLyQ40k,7c0XG5cIJTrrAgEC3ULPiq,71,977179,4
Eric Bellinger,Ty Dolla $ign,,7ibAWtDtmEfaVhc1FJ3Vl9,7c0XG5cIJTrrAgEC3ULPiq,64,739500,0
Mike WiLL Made-It,Ty Dolla $ign,,0NWbwDZY1VkRqFafuQm6wk,7c0XG5cIJTrrAgEC3ULPiq,64,1408198,0
K CAMP,Ty Dolla $ign,,5bgfj5zUoWpyeVatGDjn6H,7c0XG5cIJTrrAgEC3ULPiq,62,1470772,0
DJ Drama,Ty Dolla $ign,,5oNgAs7j5XcBMzWv3HAnHG,7c0XG5cIJTrrAgEC3ULPiq,56,1225532,0
Tyga,Ty Dolla $ign,,5LHRHt1k9lMyONurDHEdrp,7c0XG5cIJTrrAgEC3ULPiq,79,6612695,0
Omarion,Ty Dolla $ign,,0f5nVCcR06GX8Qikz0COtT,7c0XG5cIJTrrAgEC3ULPiq,60,2469250,0
Trey Songz,Ty Dolla $ign,,2iojnBLj0qIMiKPvVhLnsH,7c0XG5cIJTrrAgEC3ULPiq,69,6645396,10
2 Chainz,Ty Dolla $ign,,17lzZA2AlOHwCwFALHttmp,7c0XG5cIJTrrAgEC3ULPiq,76,7236641,0
Roy Woods,Ty Dolla $ign,,7mDU6nMUJnOSY2Hkjz5oqM,7c0XG5cIJTrrAgEC3ULPiq,61,871643,0
Sage The Gemini,Ty Dolla $ign,,6d47Z08T4snK50HgTEHo5Z,7c0XG5cIJTrrAgEC3ULPiq,64,812557,0
Freddie Gibbs,Pusha T,,0Y4inQK6OespitzD6ijMwb,0ONHkAv9pCAFxb0zJwDNTy,66,999490,0
Curren$y,Pusha T,,6X8WdFjrNhXATMDSs26aCc,0ONHkAv9pCAFxb0zJwDNTy,65,939014,0
Big K.R.I.T.,Pusha T,,0CKa42Jqrc9fSFbDjePaXP,0ONHkAv9pCAFxb0zJwDNTy,61,851718,0
Clipse,Pusha T,,2J257euzcjnDLipsyJH3F2,0ONHkAv9pCAFxb0zJwDNTy,55,333079,7
CyHi,Pusha T,,18HVMQsV3tINaTyzT5UIjH,0ONHkAv9pCAFxb0zJwDNTy,50,191872,0
Jay Electronica,Pusha T,,0TkqXdyWLsssJH7okthMPQ,0ONHkAv9pCAFxb0zJwDNTy,58,265096,0
Smoke DZA,Pusha T,,3kf0gOpxWtkyeMNJVDQPtd,0ONHkAv9pCAFxb0zJwDNTy,53,249166,0
Ab-Soul,Pusha T,,0g9vAlRPK9Gt3FKCekk4TW,0ONHkAv9pCAFxb0zJwDNTy,57,923715,0
Danny Brown,Pusha T,,7aA592KWirLsnfb5ulGWvU,0ONHkAv9pCAFxb0zJwDNTy,59,695337,0
Boldy James,Pusha T,,4fpwOzxFRMVGfd197dKIdY,0ONHkAv9pCAFxb0zJwDNTy,54,88337,0
Earl Sweatshirt,Pusha T,,3A5tHz1SfngyOZM2gItYKu,0ONHkAv9pCAFxb0zJwDNTy,66,1804344,0
Jay Rock,Pusha T,,28ExwzUQsvgJooOI0X1mr3,0ONHkAv9pCAFxb0zJwDNTy,70,1269513,0
Vince Staples,Pusha T,,68kEuyFKyqrdQQLLsmiatm,0ONHkAv9pCAFxb0zJwDNTy,68,1613082,0
The Cool Kids,Pusha T,,1AWNf5CLnHH4oM1hcHiVeV,0ONHkAv9pCAFxb0zJwDNTy,42,136669,0
The Alchemist,Pusha T,,0eVyjRhzZKke2KFYTcDkeu,0ONHkAv9pCAFxb0zJwDNTy,64,350265,0
Action Bronson,Pusha T,,7BMccF0hQFBpP6417k1OtQ,0ONHkAv9pCAFxb0zJwDNTy,63,711943,0
Rick Ross,Pusha T,,1sBkRIssrMs1AbVkOJbc7a,0ONHkAv9pCAFxb0zJwDNTy,76,6011129,6
Lupe Fiasco,Pusha T,,01QTIT5P1pFP3QnnFSdsJf,0ONHkAv9pCAFxb0zJwDNTy,66,1754744,0
Benny The Butcher,Pusha T,,5Matrg5du62bXwer29cU5T,0ONHkAv9pCAFxb0zJwDNTy,63,251955,0
Jim Jones,Pusha T,,6AMa1VFQ7qCi61tCRtVWXe,0ONHkAv9pCAFxb0zJwDNTy,60,573247,1
Pusha T,Kid Cudi,,0ONHkAv9pCAFxb0zJwDNTy,0fA0VVWsXO9YnASrzqfmYu,74,2496568,2
Lupe Fiasco,Kid Cudi,,01QTIT5P1pFP3QnnFSdsJf,0fA0VVWsXO9YnASrzqfmYu,66,1754744,0
A$AP Rocky,Kid Cudi,,13ubrt8QOOCPljQ2FL1Kca,0fA0VVWsXO9YnASrzqfmYu,80,11344358,2
ScHoolboy Q,Kid Cudi,,5IcR3N7QB1j6KBL8eImZ8m,0fA0VVWsXO9YnASrzqfmYu,72,4226547,0
Earl Sweatshirt,Kid Cudi,,3A5tHz1SfngyOZM2gItYKu,0fA0VVWsXO9YnASrzqfmYu,66,1804344,0
Big Sean,Kid Cudi,,0c173mlxpT3dSFRgMO8XPh,0fA0VVWsXO9YnASrzqfmYu,78,9766529,0
Vince Staples,Kid Cudi,,68kEuyFKyqrdQQLLsmiatm,0fA0VVWsXO9YnASrzqfmYu,68,1613082,0
Joey Bada$$,Kid Cudi,,2P5sC9cVZDToPxyomzF1UH,0fA0VVWsXO9YnASrzqfmYu,72,2625231,0
WZRD,Kid Cudi,,415rtLOb1FDKZAxo1IJ1hW,0fA0VVWsXO9YnASrzqfmYu,44,103420,0
Isaiah Rashad,Kid Cudi,,6aaMZ3fcfLv4tEbmY7bjRM,0fA0VVWsXO9YnASrzqfmYu,66,1157805,0
A$AP Mob,Kid Cudi,,7yO4IdJjCEPz7YgZMe25iS,0fA0VVWsXO9YnASrzqfmYu,59,1923512,0
Bas,Kid Cudi,,70gP6Ry4Uo0Yx6uzPIdaiJ,0fA0VVWsXO9YnASrzqfmYu,67,457238,0
Mac Miller,Kid Cudi,,4LLpKhyESsyAXpc4laK94U,0fA0VVWsXO9YnASrzqfmYu,82,7675348,0
Jay Rock,Kid Cudi,,28ExwzUQsvgJooOI0X1mr3,0fA0VVWsXO9YnASrzqfmYu,70,1269513,0
Freddie Gibbs,Kid Cudi,,0Y4inQK6OespitzD6ijMwb,0fA0VVWsXO9YnASrzqfmYu,66,999490,0
Chance the Rapper,Kid Cudi,,1anyVhU62p31KFi8MEzkbf,0fA0VVWsXO9YnASrzqfmYu,75,5684312,0
Denzel Curry,Kid Cudi,,6fxyWrfmjcbj5d12gXeiNV,0fA0VVWsXO9YnASrzqfmYu,72,1885022,0
Childish Gambino,Kid Cudi,,73sIBHcqh3Z3NyqHKZ7FOL,0fA0VVWsXO9YnASrzqfmYu,77,9504743,0
KIDS SEE GHOSTS,Kid Cudi,,2hPgGN4uhvXAxiXQBIXOmE,0fA0VVWsXO9YnASrzqfmYu,60,898635,14
Young Ratoo,Kid Cudi,,0WfypOx4opF5JBqhrvxJnX,0fA0VVWsXO9YnASrzqfmYu,16,2515,0
Earl Sweatshirt,A$AP Rocky,,3A5tHz1SfngyOZM2gItYKu,13ubrt8QOOCPljQ2FL1Kca,66,1804344,0
Vince Staples,A$AP Rocky,,68kEuyFKyqrdQQLLsmiatm,13ubrt8QOOCPljQ2FL1Kca,68,1613082,0
Flatbush Zombies,A$AP Rocky,,1dqGS5sT6PE2wEvP1gROZC,13ubrt8QOOCPljQ2FL1Kca,57,1118982,0
Pusha T,A$AP Rocky,,0ONHkAv9pCAFxb0zJwDNTy,13ubrt8QOOCPljQ2FL1Kca,74,2496568,0
ScHoolboy Q,A$AP Rocky,,5IcR3N7QB1j6KBL8eImZ8m,13ubrt8QOOCPljQ2FL1Kca,72,4226547,6
Joey Bada$$,A$AP Rocky,,2P5sC9cVZDToPxyomzF1UH,13ubrt8QOOCPljQ2FL1Kca,72,2625231,2
Danny Brown,A$AP Rocky,,7aA592KWirLsnfb5ulGWvU,13ubrt8QOOCPljQ2FL1Kca,59,695337,2
Freddie Gibbs,A$AP Rocky,,0Y4inQK6OespitzD6ijMwb,13ubrt8QOOCPljQ2FL1Kca,66,999490,0
Ab-Soul,A$AP Rocky,,0g9vAlRPK9Gt3FKCekk4TW,13ubrt8QOOCPljQ2FL1Kca,57,923715,0
A$AP Mob,A$AP Rocky,,7yO4IdJjCEPz7YgZMe25iS,13ubrt8QOOCPljQ2FL1Kca,59,1923512,0
Jay Rock,A$AP Rocky,,28ExwzUQsvgJooOI0X1mr3,13ubrt8QOOCPljQ2FL1Kca,70,1269513,0
Curren$y,A$AP Rocky,,6X8WdFjrNhXATMDSs26aCc,13ubrt8QOOCPljQ2FL1Kca,65,939014,0
Isaiah Rashad,A$AP Rocky,,6aaMZ3fcfLv4tEbmY7bjRM,13ubrt8QOOCPljQ2FL1Kca,66,1157805,0
A$AP Ferg,A$AP Rocky,,5dHt1vcEm9qb8fCyLcB3HL,13ubrt8QOOCPljQ2FL1Kca,71,3363425,1
Chief Keef,A$AP Rocky,,15iVAtD3s3FsQR4w1v6M0P,13ubrt8QOOCPljQ2FL1Kca,72,3382870,0
Denzel Curry,A$AP Rocky,,6fxyWrfmjcbj5d12gXeiNV,13ubrt8QOOCPljQ2FL1Kca,72,1885022,0
JPEGMAFIA,A$AP Rocky,,6yJ6QQ3Y5l0s0tn7b0arrO,13ubrt8QOOCPljQ2FL1Kca,60,502204,0
Juicy J,A$AP Rocky,,5gCRApTajqwbnHHPbr2Fpi,13ubrt8QOOCPljQ2FL1Kca,73,2867214,6
Action Bronson,A$AP Rocky,,7BMccF0hQFBpP6417k1OtQ,13ubrt8QOOCPljQ2FL1Kca,63,711943,2
2 Chainz,A$AP Rocky,,17lzZA2AlOHwCwFALHttmp,13ubrt8QOOCPljQ2FL1Kca,76,7236641,2
Ab-Soul,ScHoolboy Q,,0g9vAlRPK9Gt3FKCekk4TW,5IcR3N7QB1j6KBL8eImZ8m,57,923715,2
Freddie Gibbs,ScHoolboy Q,,0Y4inQK6OespitzD6ijMwb,5IcR3N7QB1j6KBL8eImZ8m,66,999490,0
Dom Kennedy,ScHoolboy Q,,3s8alQfNnY0roAHaJh7Xxt,5IcR3N7QB1j6KBL8eImZ8m,59,516733,1
Flatbush Zombies,ScHoolboy Q,,1dqGS5sT6PE2wEvP1gROZC,5IcR3N7QB1j6KBL8eImZ8m,57,1118982,0
Danny Brown,ScHoolboy Q,,7aA592KWirLsnfb5ulGWvU,5IcR3N7QB1j6KBL8eImZ8m,59,695337,0
Black Hippy,ScHoolboy Q,,7a9KRWdaSZktpGGnWndzbC,5IcR3N7QB1j6KBL8eImZ8m,46,287151,1
Big K.R.I.T.,ScHoolboy Q,,0CKa42Jqrc9fSFbDjePaXP,5IcR3N7QB1j6KBL8eImZ8m,61,851718,0
Vince Staples,ScHoolboy Q,,68kEuyFKyqrdQQLLsmiatm,5IcR3N7QB1j6KBL8eImZ8m,68,1613082,2
Jay Rock,ScHoolboy Q,,28ExwzUQsvgJooOI0X1mr3,5IcR3N7QB1j6KBL8eImZ8m,70,1269513,5
Isaiah Rashad,ScHoolboy Q,,6aaMZ3fcfLv4tEbmY7bjRM,5IcR3N7QB1j6KBL8eImZ8m,66,1157805,0
Smoke DZA,ScHoolboy Q,,3kf0gOpxWtkyeMNJVDQPtd,5IcR3N7QB1j6KBL8eImZ8m,53,249166,0
Curren$y,ScHoolboy Q,,6X8WdFjrNhXATMDSs26aCc,5IcR3N7QB1j6KBL8eImZ8m,65,939014,0
A$AP Twelvyy,ScHoolboy Q,,0tPjSrb43a58uznKru1k2P,5IcR3N7QB1j6KBL8eImZ8m,54,283977,0
Pusha T,ScHoolboy Q,,0ONHkAv9pCAFxb0zJwDNTy,5IcR3N7QB1j6KBL8eImZ8m,74,2496568,0
Boldy James,ScHoolboy Q,,4fpwOzxFRMVGfd197dKIdY,5IcR3N7QB1j6KBL8eImZ8m,54,88337,0
A$AP Rocky,ScHoolboy Q,,13ubrt8QOOCPljQ2FL1Kca,5IcR3N7QB1j6KBL8eImZ8m,80,11344358,1
Action Bronson,ScHoolboy Q,,7BMccF0hQFBpP6417k1OtQ,5IcR3N7QB1j6KBL8eImZ8m,63,711943,0
Dizzy Wright,ScHoolboy Q,,1LrWZc2qPhRCHyr6XtpBxq,5IcR3N7QB1j6KBL8eImZ8m,53,452075,0
Joey Bada$$,ScHoolboy Q,,2P5sC9cVZDToPxyomzF1UH,5IcR3N7QB1j6KBL8eImZ8m,72,2625231,0
Earl Sweatshirt,ScHoolboy Q,,3A5tHz1SfngyOZM2gItYKu,5IcR3N7QB1j6KBL8eImZ8m,66,1804344,0
MellowHype,Earl Sweatshirt,,5CCrgHVEWtg8YTEn1UaYug,3A5tHz1SfngyOZM2gItYKu,38,185265,0
Domo Genesis,Earl Sweatshirt,,6vHBuUxrcpn1do5UaEJ7g6,3A5tHz1SfngyOZM2gItYKu,55,284014,2
Vince Staples,Earl Sweatshirt,,68kEuyFKyqrdQQLLsmiatm,3A5tHz1SfngyOZM2gItYKu,68,1613082,4
Danny Brown,Earl Sweatshirt,,7aA592KWirLsnfb5ulGWvU,3A5tHz1SfngyOZM2gItYKu,59,695337,0
Odd Future,Earl Sweatshirt,,5xpkLC1MxiPRiIJUDEzuVm,3A5tHz1SfngyOZM2gItYKu,53,944930,0
Lil B,Earl Sweatshirt,,4bbjivSh1oG4NOc7uYHfw5,3A5tHz1SfngyOZM2gItYKu,49,190094,0
SpaceGhostPurrp,Earl Sweatshirt,,6yR6M6V6I7GhhYf6A7Wif9,3A5tHz1SfngyOZM2gItYKu,43,98266,0
Death Grips,Earl Sweatshirt,,5RADpgYLOuS2ZxDq7ggYYH,3A5tHz1SfngyOZM2gItYKu,57,708712,0
"Tyler, The Creator",Earl Sweatshirt,,4V8LLVI7PbaPR0K2TGSxFF,3A5tHz1SfngyOZM2gItYKu,84,9061482,2
Freddie Gibbs,Earl Sweatshirt,,0Y4inQK6OespitzD6ijMwb,3A5tHz1SfngyOZM2gItYKu,66,999490,0
MellowHigh,Earl Sweatshirt,,0B1prtAE9Ca9hTs0rUkjHG,3A5tHz1SfngyOZM2gItYKu,32,75171,0
Casey Veggies,Earl Sweatshirt,,0uFc6StTmJBvdHPZFDkdJy,3A5tHz1SfngyOZM2gItYKu,52,299211,1
BADBADNOTGOOD,Earl Sweatshirt,,65dGLGjkw3UbddUg2GKQoZ,3A5tHz1SfngyOZM2gItYKu,64,621838,0
Jet Age of Tomorrow,Earl Sweatshirt,,2XhRydg6cYT62s25jgePlF,3A5tHz1SfngyOZM2gItYKu,30,34175,0
JPEGMAFIA,Earl Sweatshirt,,6yJ6QQ3Y5l0s0tn7b0arrO,3A5tHz1SfngyOZM2gItYKu,60,502204,0
Action Bronson,Earl Sweatshirt,,7BMccF0hQFBpP6417k1OtQ,3A5tHz1SfngyOZM2gItYKu,63,711943,0
King Geedorah,Earl Sweatshirt,,77AKJs9SJqxHXbPgtJPKRa,3A5tHz1SfngyOZM2gItYKu,53,158763,0
Curren$y,Earl Sweatshirt,,6X8WdFjrNhXATMDSs26aCc,3A5tHz1SfngyOZM2gItYKu,65,939014,0
Ab-Soul,Earl Sweatshirt,,0g9vAlRPK9Gt3FKCekk4TW,3A5tHz1SfngyOZM2gItYKu,57,923715,0
Madvillain,Earl Sweatshirt,,2aoFQUeHD1U7pL098lRsDU,3A5tHz1SfngyOZM2gItYKu,62,451850,0
Earl Sweatshirt,Frank Ocean,,3A5tHz1SfngyOZM2gItYKu,2h93pZq0e7k5yf4dywlkpM,66,1804344,1
Childish Gambino,Frank Ocean,,73sIBHcqh3Z3NyqHKZ7FOL,2h93pZq0e7k5yf4dywlkpM,77,9504743,0
"Tyler, The Creator",Frank Ocean,,4V8LLVI7PbaPR0K2TGSxFF,2h93pZq0e7k5yf4dywlkpM,84,9061482,0
A$AP Rocky,Frank Ocean,,13ubrt8QOOCPljQ2FL1Kca,2h93pZq0e7k5yf4dywlkpM,80,11344358,0
Vince Staples,Frank Ocean,,68kEuyFKyqrdQQLLsmiatm,2h93pZq0e7k5yf4dywlkpM,68,1613082,0
Pusha T,Frank Ocean,,0ONHkAv9pCAFxb0zJwDNTy,2h93pZq0e7k5yf4dywlkpM,74,2496568,0
BROCKHAMPTON,Frank Ocean,,1Bl6wpkWCQ4KVgnASpvzzA,2h93pZq0e7k5yf4dywlkpM,68,2000279,0
Odd Future,Frank Ocean,,5xpkLC1MxiPRiIJUDEzuVm,2h93pZq0e7k5yf4dywlkpM,53,944930,0
Kevin Abstract,Frank Ocean,,07EcmJpfAday8xGkslfanE,2h93pZq0e7k5yf4dywlkpM,59,671849,0
Miguel,Frank Ocean,,360IAlyVv4PCEVjgyMZrxK,2h93pZq0e7k5yf4dywlkpM,76,4073966,0
Mac Miller,Frank Ocean,,4LLpKhyESsyAXpc4laK94U,2h93pZq0e7k5yf4dywlkpM,82,7675348,0
The Internet,Frank Ocean,,7GN9PivdemQRKjDt4z5Zv8,2h93pZq0e7k5yf4dywlkpM,60,1121850,0
Joey Bada$$,Frank Ocean,,2P5sC9cVZDToPxyomzF1UH,2h93pZq0e7k5yf4dywlkpM,72,2625231,0
Jhené Aiko,Frank Ocean,,5ZS223C6JyBfXasXxrRqOk,2h93pZq0e7k5yf4dywlkpM,75,5600428,0
JPEGMAFIA,Frank Ocean,,6yJ6QQ3Y5l0s0tn7b0arrO,2h93pZq0e7k5yf4dywlkpM,60,502204,0
Freddie Gibbs,Frank Ocean,,0Y4inQK6OespitzD6ijMwb,2h93pZq0e7k5yf4dywlkpM,66,999490,0
Isaiah Rashad,Frank Ocean,,6aaMZ3fcfLv4tEbmY7bjRM,2h93pZq0e7k5yf4dywlkpM,66,1157805,0
Solange,Frank Ocean,,2auiVi8sUZo17dLy1HwrTU,2h93pZq0e7k5yf4dywlkpM,60,1772048,0
Kendrick Lamar,Frank Ocean,,2YZyLoL8N0Wb9xBt1NhZWg,2h93pZq0e7k5yf4dywlkpM,90,20793607,0
Chance the Rapper,Frank Ocean,,1anyVhU62p31KFi8MEzkbf,2h93pZq0e7k5yf4dywlkpM,75,5684312,0
Flatbush Zombies,Joey Bada$$,,1dqGS5sT6PE2wEvP1gROZC,2P5sC9cVZDToPxyomzF1UH,57,1118982,13
Ab-Soul,Joey Bada$$,,0g9vAlRPK9Gt3FKCekk4TW,2P5sC9cVZDToPxyomzF1UH,57,923715,0
Vince Staples,Joey Bada$$,,68kEuyFKyqrdQQLLsmiatm,2P5sC9cVZDToPxyomzF1UH,68,1613082,0
Danny Brown,Joey Bada$$,,7aA592KWirLsnfb5ulGWvU,2P5sC9cVZDToPxyomzF1UH,59,695337,0
Earl Sweatshirt,Joey Bada$$,,3A5tHz1SfngyOZM2gItYKu,2P5sC9cVZDToPxyomzF1UH,66,1804344,0
Freddie Gibbs,Joey Bada$$,,0Y4inQK6OespitzD6ijMwb,2P5sC9cVZDToPxyomzF1UH,66,999490,0
Domo Genesis,Joey Bada$$,,6vHBuUxrcpn1do5UaEJ7g6,2P5sC9cVZDToPxyomzF1UH,55,284014,0
The Alchemist,Joey Bada$$,,0eVyjRhzZKke2KFYTcDkeu,2P5sC9cVZDToPxyomzF1UH,64,350265,0
Action Bronson,Joey Bada$$,,7BMccF0hQFBpP6417k1OtQ,2P5sC9cVZDToPxyomzF1UH,63,711943,2
A$AP Rocky,Joey Bada$$,,13ubrt8QOOCPljQ2FL1Kca,2P5sC9cVZDToPxyomzF1UH,80,11344358,0
The Underachievers,Joey Bada$$,,51Pn4gGnZuyOMDfIT1Zy3N,2P5sC9cVZDToPxyomzF1UH,50,360481,3
Isaiah Rashad,Joey Bada$$,,6aaMZ3fcfLv4tEbmY7bjRM,2P5sC9cVZDToPxyomzF1UH,66,1157805,0
ScHoolboy Q,Joey Bada$$,,5IcR3N7QB1j6KBL8eImZ8m,2P5sC9cVZDToPxyomzF1UH,72,4226547,2
Boldy James,Joey Bada$$,,4fpwOzxFRMVGfd197dKIdY,2P5sC9cVZDToPxyomzF1UH,54,88337,0
A$AP Twelvyy,Joey Bada$$,,0tPjSrb43a58uznKru1k2P,2P5sC9cVZDToPxyomzF1UH,54,283977,0
Mick Jenkins,Joey Bada$$,,1FvjvACFvko2Z91IvDljrx,2P5sC9cVZDToPxyomzF1UH,60,541589,0
Chance the Rapper,Joey Bada$$,,1anyVhU62p31KFi8MEzkbf,2P5sC9cVZDToPxyomzF1UH,75,5684312,0
Pusha T,Joey Bada$$,,0ONHkAv9pCAFxb0zJwDNTy,2P5sC9cVZDToPxyomzF1UH,74,2496568,0
Denzel Curry,Joey Bada$$,,6fxyWrfmjcbj5d12gXeiNV,2P5sC9cVZDToPxyomzF1UH,72,1885022,0
Kirk Knight,Joey Bada$$,,1nSpOxq3pcgomrfpXudQuq,2P5sC9cVZDToPxyomzF1UH,51,145139,13
Earl Sweatshirt,Childish Gambino,,3A5tHz1SfngyOZM2gItYKu,73sIBHcqh3Z3NyqHKZ7FOL,66,1804344,0
Frank Ocean,Childish Gambino,,2h93pZq0e7k5yf4dywlkpM,73sIBHcqh3Z3NyqHKZ7FOL,81,9613058,0
"Tyler, The Creator",Childish Gambino,,4V8LLVI7PbaPR0K2TGSxFF,73sIBHcqh3Z3NyqHKZ7FOL,84,9061482,0
A$AP Rocky,Childish Gambino,,13ubrt8QOOCPljQ2FL1Kca,73sIBHcqh3Z3NyqHKZ7FOL,80,11344358,0
Vince Staples,Childish Gambino,,68kEuyFKyqrdQQLLsmiatm,73sIBHcqh3Z3NyqHKZ7FOL,68,1613082,0
Pusha T,Childish Gambino,,0ONHkAv9pCAFxb0zJwDNTy,73sIBHcqh3Z3NyqHKZ7FOL,74,2496568,0
Chance the Rapper,Childish Gambino,,1anyVhU62p31KFi8MEzkbf,73sIBHcqh3Z3NyqHKZ7FOL,75,5684312,2
Odd Future,Childish Gambino,,5xpkLC1MxiPRiIJUDEzuVm,73sIBHcqh3Z3NyqHKZ7FOL,53,944930,0
Joey Bada$$,Childish Gambino,,2P5sC9cVZDToPxyomzF1UH,73sIBHcqh3Z3NyqHKZ7FOL,72,2625231,0
Mac Miller,Childish Gambino,,4LLpKhyESsyAXpc4laK94U,73sIBHcqh3Z3NyqHKZ7FOL,82,7675348,0
Spillage Village,Childish Gambino,,7izarc0fRIPbdZ8cVyChRf,73sIBHcqh3Z3NyqHKZ7FOL,50,190474,0
ScHoolboy Q,Childish Gambino,,5IcR3N7QB1j6KBL8eImZ8m,73sIBHcqh3Z3NyqHKZ7FOL,72,4226547,0
Isaiah Rashad,Childish Gambino,,6aaMZ3fcfLv4tEbmY7bjRM,73sIBHcqh3Z3NyqHKZ7FOL,66,1157805,0
BROCKHAMPTON,Childish Gambino,,1Bl6wpkWCQ4KVgnASpvzzA,73sIBHcqh3Z3NyqHKZ7FOL,68,2000279,0
N.E.R.D,Childish Gambino,,5wPoxI5si3eJsYYwyXV4Wi,73sIBHcqh3Z3NyqHKZ7FOL,57,755456,0
Kevin Abstract,Childish Gambino,,07EcmJpfAday8xGkslfanE,73sIBHcqh3Z3NyqHKZ7FOL,59,671849,0
Freddie Gibbs,Childish Gambino,,0Y4inQK6OespitzD6ijMwb,73sIBHcqh3Z3NyqHKZ7FOL,66,999490,0
The Internet,Childish Gambino,,7GN9PivdemQRKjDt4z5Zv8,73sIBHcqh3Z3NyqHKZ7FOL,60,1121850,0
Danny Brown,Childish Gambino,,7aA592KWirLsnfb5ulGWvU,73sIBHcqh3Z3NyqHKZ7FOL,59,695337,0
Lupe Fiasco,Childish Gambino,,01QTIT5P1pFP3QnnFSdsJf,73sIBHcqh3Z3NyqHKZ7FOL,66,1754744,0
Donnie Trumpet & The Social Experiment,Chance the Rapper,,0ojcq9LJQWMawQdFDw3M0L,1anyVhU62p31KFi8MEzkbf,47,182961,0
Ab-Soul,Chance the Rapper,,0g9vAlRPK9Gt3FKCekk4TW,1anyVhU62p31KFi8MEzkbf,57,923715,1
Joey Bada$$,Chance the Rapper,,2P5sC9cVZDToPxyomzF1UH,1anyVhU62p31KFi8MEzkbf,72,2625231,0
Earl Sweatshirt,Chance the Rapper,,3A5tHz1SfngyOZM2gItYKu,1anyVhU62p31KFi8MEzkbf,66,1804344,0
Vince Staples,Chance the Rapper,,68kEuyFKyqrdQQLLsmiatm,1anyVhU62p31KFi8MEzkbf,68,1613082,0
Mick Jenkins,Chance the Rapper,,1FvjvACFvko2Z91IvDljrx,1anyVhU62p31KFi8MEzkbf,60,541589,0
Noname,Chance the Rapper,,1EpyA68dKpjf7jXmQL88Hy,1anyVhU62p31KFi8MEzkbf,55,623246,2
Aminé,Chance the Rapper,,3Gm5F95VdRxW3mqCn8RPBJ,1anyVhU62p31KFi8MEzkbf,69,1796152,0
Shelley FKA DRAM,Chance the Rapper,,5M0lbkGluOPXLeFjApw8r8,1anyVhU62p31KFi8MEzkbf,61,818847,0
ScHoolboy Q,Chance the Rapper,,5IcR3N7QB1j6KBL8eImZ8m,1anyVhU62p31KFi8MEzkbf,72,4226547,0
Phony Ppl,Chance the Rapper,,0oBsnAC3fzYkTHF3bkfNx6,1anyVhU62p31KFi8MEzkbf,50,243088,0
BJ The Chicago Kid,Chance the Rapper,,07d5etnpjriczFBB8pxmRe,1anyVhU62p31KFi8MEzkbf,61,399269,3
Flatbush Zombies,Chance the Rapper,,1dqGS5sT6PE2wEvP1gROZC,1anyVhU62p31KFi8MEzkbf,57,1118982,0
Saba,Chance the Rapper,,7Hjbimq43OgxaBRpFXic4x,1anyVhU62p31KFi8MEzkbf,63,603986,2
Domo Genesis,Chance the Rapper,,6vHBuUxrcpn1do5UaEJ7g6,1anyVhU62p31KFi8MEzkbf,55,284014,0
Taylor Bennett,Chance the Rapper,,6CqjoQyGZlnhnq5gAUz92c,1anyVhU62p31KFi8MEzkbf,45,117267,2
Isaiah Rashad,Chance the Rapper,,6aaMZ3fcfLv4tEbmY7bjRM,1anyVhU62p31KFi8MEzkbf,66,1157805,0
Joey Purp,Chance the Rapper,,1ewyVtTZBqFYWIcepopRhp,1anyVhU62p31KFi8MEzkbf,52,123014,0
Freddie Gibbs,Chance the Rapper,,0Y4inQK6OespitzD6ijMwb,1anyVhU62p31KFi8MEzkbf,66,999490,0
Pusha T,Chance the Rapper,,0ONHkAv9pCAFxb0zJwDNTy,1anyVhU62p31KFi8MEzkbf,74,2496568,0
Nas,JAY-Z,,20qISvAhX20dpIbOOzGK3q,3nFkdlSjzX9mRTtwJOzDYB,72,2888120,4
Fat Joe,JAY-Z,,3ScY9CQxNLQei8Umvpx5g6,3nFkdlSjzX9mRTtwJOzDYB,67,1357934,0
The Carters,JAY-Z,,4fpTMHe34LC5t3h5ztK8qu,3nFkdlSjzX9mRTtwJOzDYB,56,1390199,0
Cam’ron,JAY-Z,,7iMvwE8qANp3aIfAGKEAwS,3nFkdlSjzX9mRTtwJOzDYB,60,595890,0
Kanye West,JAY-Z,,5K4W6rqBFWDnAN6FQUkS6x,3nFkdlSjzX9mRTtwJOzDYB,90,17617569,125
Beanie Sigel,JAY-Z,,0tCtGc5vt29zFZp6KXzN50,3nFkdlSjzX9mRTtwJOzDYB,53,566660,33
Fabolous,JAY-Z,,0YWxKQj2Go9CGHCp77UOyy,3nFkdlSjzX9mRTtwJOzDYB,66,2291723,0
Memphis Bleek,JAY-Z,,4jWzNq3sdzSpqn7BnzvIKn,3nFkdlSjzX9mRTtwJOzDYB,51,322105,34
Eminem,JAY-Z,,7dGJo4pcD2V6oG8kP0tJRR,3nFkdlSjzX9mRTtwJOzDYB,89,56938245,4
Rick Ross,JAY-Z,,1sBkRIssrMs1AbVkOJbc7a,3nFkdlSjzX9mRTtwJOzDYB,76,6011129,5
Foxy Brown,JAY-Z,,1wvlC6NwleHt1iRD6d5X2C,3nFkdlSjzX9mRTtwJOzDYB,56,552009,8
The LOX,JAY-Z,,0A7g2YbCA9FlyZvAG6VmKP,3nFkdlSjzX9mRTtwJOzDYB,52,450692,2
DMX,JAY-Z,,1HwM5zlC5qNWhJtM00yXzG,3nFkdlSjzX9mRTtwJOzDYB,69,3510469,2
Busta Rhymes,JAY-Z,,1YfEcTuGvBQ8xSD1f53UnK,3nFkdlSjzX9mRTtwJOzDYB,70,2122626,0
Diddy,JAY-Z,,59wfkuBoNyhDMQGCljbUbA,3nFkdlSjzX9mRTtwJOzDYB,71,1323546,2
Jadakiss,JAY-Z,,5pnbUBPifNnlusY8kTBivi,3nFkdlSjzX9mRTtwJOzDYB,65,931833,0
The Notorious B.I.G.,JAY-Z,,5me0Irg2ANcsgc93uaYrpb,3nFkdlSjzX9mRTtwJOzDYB,76,7773124,11
Big Pun,JAY-Z,,2Xu7q46Hf02xOoEIm4E1Qs,3nFkdlSjzX9mRTtwJOzDYB,60,1079732,0
Method Man,JAY-Z,,4VmEWwd8y9MCLwexFMdpwt,3nFkdlSjzX9mRTtwJOzDYB,72,1701115,0
Mobb Deep,JAY-Z,,6O2zJ0tId7g07yzHtX0yap,3nFkdlSjzX9mRTtwJOzDYB,65,1617286,0
Clipse,Lupe Fiasco,,2J257euzcjnDLipsyJH3F2,01QTIT5P1pFP3QnnFSdsJf,55,333079,0
Jay Electronica,Lupe Fiasco,,0TkqXdyWLsssJH7okthMPQ,01QTIT5P1pFP3QnnFSdsJf,58,265096,0
The Cool Kids,Lupe Fiasco,,1AWNf5CLnHH4oM1hcHiVeV,01QTIT5P1pFP3QnnFSdsJf,42,136669,0
Asher Roth,Lupe Fiasco,,1wgY8huggK60P5nvYrwcYT,01QTIT5P1pFP3QnnFSdsJf,50,244812,0
Talib Kweli,Lupe Fiasco,,0lEssBAxQl2In4RpaB1C2Y,01QTIT5P1pFP3QnnFSdsJf,54,525817,15
Big K.R.I.T.,Lupe Fiasco,,0CKa42Jqrc9fSFbDjePaXP,01QTIT5P1pFP3QnnFSdsJf,61,851718,3
Blu,Lupe Fiasco,,1KeJhR0ENFviw187pD4LPT,01QTIT5P1pFP3QnnFSdsJf,54,131340,0
Big Boi,Lupe Fiasco,,2ht3wxeT69CzyKFChNnNAB,01QTIT5P1pFP3QnnFSdsJf,56,393751,0
"Royce Da 5'9""",Lupe Fiasco,,6DVipHzYsPlIoA0DW8Gmns,01QTIT5P1pFP3QnnFSdsJf,60,693095,0
Black Star,Lupe Fiasco,,67ei8ib6PLT1w3OkhIb4fB,01QTIT5P1pFP3QnnFSdsJf,48,355064,0
Little Brother,Lupe Fiasco,,0s9MrSopEoAn8JqwBipgdO,01QTIT5P1pFP3QnnFSdsJf,43,116357,0
Common,Lupe Fiasco,,2GHclqNVjqGuiE5mA7BEoc,01QTIT5P1pFP3QnnFSdsJf,62,820712,0
Mos Def,Lupe Fiasco,,0Mz5XE0kb1GBnbLQm2VbcO,01QTIT5P1pFP3QnnFSdsJf,63,1236211,0
Chiddy Bang,Lupe Fiasco,,40giwFcTQtv9ezxW8yqxJU,01QTIT5P1pFP3QnnFSdsJf,52,393039,0
Black Thought,Lupe Fiasco,,6DJEUXZm0e2rAohdoZ5Voo,01QTIT5P1pFP3QnnFSdsJf,55,175079,0
CyHi,Lupe Fiasco,,18HVMQsV3tINaTyzT5UIjH,01QTIT5P1pFP3QnnFSdsJf,50,191872,0
N.E.R.D,Lupe Fiasco,,5wPoxI5si3eJsYYwyXV4Wi,01QTIT5P1pFP3QnnFSdsJf,57,755456,0
The Roots,Lupe Fiasco,,78xUyw6FkVZrRAtziFdtdu,01QTIT5P1pFP3QnnFSdsJf,59,1192390,0
Joe Budden,Lupe Fiasco,,1SAugjIcuwNPKS4urSB7A6,01QTIT5P1pFP3QnnFSdsJf,49,422818,0
Curren$y,Lupe Fiasco,,6X8WdFjrNhXATMDSs26aCc,01QTIT5P1pFP3QnnFSdsJf,65,939014,0
WZRD,KIDS SEE GHOSTS,,415rtLOb1FDKZAxo1IJ1hW,2hPgGN4uhvXAxiXQBIXOmE,44,103420,0
JPEGMAFIA,KIDS SEE GHOSTS,,6yJ6QQ3Y5l0s0tn7b0arrO,2hPgGN4uhvXAxiXQBIXOmE,60,502204,0
Danny Brown,KIDS SEE GHOSTS,,7aA592KWirLsnfb5ulGWvU,2hPgGN4uhvXAxiXQBIXOmE,59,695337,0
Injury Reserve,KIDS SEE GHOSTS,,3nf2EaHj8HikLNdaiW3v73,2hPgGN4uhvXAxiXQBIXOmE,50,225606,0
JulezJZ,KIDS SEE GHOSTS,,3lof8xsypjavmVwpcFl1hX,2hPgGN4uhvXAxiXQBIXOmE,48,7954,0
Pusha T,KIDS SEE GHOSTS,,0ONHkAv9pCAFxb0zJwDNTy,2hPgGN4uhvXAxiXQBIXOmE,74,2496568,2
Earl Sweatshirt,KIDS SEE GHOSTS,,3A5tHz1SfngyOZM2gItYKu,2hPgGN4uhvXAxiXQBIXOmE,66,1804344,0
Westside Gunn,KIDS SEE GHOSTS,,0ABk515kENDyATUdpCKVfW,2hPgGN4uhvXAxiXQBIXOmE,62,267070,0
redveil,KIDS SEE GHOSTS,,5BwsX8bXOFC1YnqSlyfOKM,2hPgGN4uhvXAxiXQBIXOmE,56,92528,0
KayCyy,KIDS SEE GHOSTS,,7gmVTgaiN0gpDJKvTHPTRL,2hPgGN4uhvXAxiXQBIXOmE,51,28015,0
Freddie Gibbs,KIDS SEE GHOSTS,,0Y4inQK6OespitzD6ijMwb,2hPgGN4uhvXAxiXQBIXOmE,66,999490,0
Death Grips,KIDS SEE GHOSTS,,5RADpgYLOuS2ZxDq7ggYYH,2hPgGN4uhvXAxiXQBIXOmE,57,708712,0
Young Ratoo,KIDS SEE GHOSTS,,0WfypOx4opF5JBqhrvxJnX,2hPgGN4uhvXAxiXQBIXOmE,16,2515,0
Denzel Curry,KIDS SEE GHOSTS,,6fxyWrfmjcbj5d12gXeiNV,2hPgGN4uhvXAxiXQBIXOmE,72,1885022,0
Vince Staples,KIDS SEE GHOSTS,,68kEuyFKyqrdQQLLsmiatm,2hPgGN4uhvXAxiXQBIXOmE,68,1613082,0
Madvillain,KIDS SEE GHOSTS,,2aoFQUeHD1U7pL098lRsDU,2hPgGN4uhvXAxiXQBIXOmE,62,451850,0
Saba,KIDS SEE GHOSTS,,7Hjbimq43OgxaBRpFXic4x,2hPgGN4uhvXAxiXQBIXOmE,63,603986,0
070 Shake,KIDS SEE GHOSTS,,12Zk1DFhCbHY6v3xep2ZjI,2hPgGN4uhvXAxiXQBIXOmE,64,361266,0
Jay Electronica,KIDS SEE GHOSTS,,0TkqXdyWLsssJH7okthMPQ,2hPgGN4uhvXAxiXQBIXOmE,58,265096,0
Odd Future,KIDS SEE GHOSTS,,5xpkLC1MxiPRiIJUDEzuVm,2hPgGN4uhvXAxiXQBIXOmE,53,944930,0
Smoke DZA,Freddie Gibbs,,3kf0gOpxWtkyeMNJVDQPtd,0Y4inQK6OespitzD6ijMwb,53,249166,1
Big K.R.I.T.,Freddie Gibbs,,0CKa42Jqrc9fSFbDjePaXP,0Y4inQK6OespitzD6ijMwb,61,851718,0
Curren$y,Freddie Gibbs,,6X8WdFjrNhXATMDSs26aCc,0Y4inQK6OespitzD6ijMwb,65,939014,9
Ab-Soul,Freddie Gibbs,,0g9vAlRPK9Gt3FKCekk4TW,0Y4inQK6OespitzD6ijMwb,57,923715,5
Clipse,Freddie Gibbs,,2J257euzcjnDLipsyJH3F2,0Y4inQK6OespitzD6ijMwb,55,333079,0
Boldy James,Freddie Gibbs,,4fpwOzxFRMVGfd197dKIdY,0Y4inQK6OespitzD6ijMwb,54,88337,0
Jay Electronica,Freddie Gibbs,,0TkqXdyWLsssJH7okthMPQ,0Y4inQK6OespitzD6ijMwb,58,265096,0
Danny Brown,Freddie Gibbs,,7aA592KWirLsnfb5ulGWvU,0Y4inQK6OespitzD6ijMwb,59,695337,2
The Alchemist,Freddie Gibbs,,0eVyjRhzZKke2KFYTcDkeu,0Y4inQK6OespitzD6ijMwb,64,350265,19
Earl Sweatshirt,Freddie Gibbs,,3A5tHz1SfngyOZM2gItYKu,0Y4inQK6OespitzD6ijMwb,66,1804344,5
Pusha T,Freddie Gibbs,,0ONHkAv9pCAFxb0zJwDNTy,0Y4inQK6OespitzD6ijMwb,74,2496568,1
Action Bronson,Freddie Gibbs,,7BMccF0hQFBpP6417k1OtQ,0Y4inQK6OespitzD6ijMwb,63,711943,0
Roc Marciano,Freddie Gibbs,,5X0V59ipZnbvnubW0rQVri,0Y4inQK6OespitzD6ijMwb,49,102160,0
Jay Rock,Freddie Gibbs,,28ExwzUQsvgJooOI0X1mr3,0Y4inQK6OespitzD6ijMwb,70,1269513,1
Domo Genesis,Freddie Gibbs,,6vHBuUxrcpn1do5UaEJ7g6,0Y4inQK6OespitzD6ijMwb,55,284014,7
Dom Kennedy,Freddie Gibbs,,3s8alQfNnY0roAHaJh7Xxt,0Y4inQK6OespitzD6ijMwb,59,516733,1
Blu,Freddie Gibbs,,1KeJhR0ENFviw187pD4LPT,0Y4inQK6OespitzD6ijMwb,54,131340,0
Statik Selektah,Freddie Gibbs,,5v0XTlB9FqNvfBfnw8n5b0,0Y4inQK6OespitzD6ijMwb,51,113414,1
Vince Staples,Freddie Gibbs,,68kEuyFKyqrdQQLLsmiatm,0Y4inQK6OespitzD6ijMwb,68,1613082,0
The Cool Kids,Freddie Gibbs,,1AWNf5CLnHH4oM1hcHiVeV,0Y4inQK6OespitzD6ijMwb,42,136669,0
Domo Genesis,Vince Staples,,6vHBuUxrcpn1do5UaEJ7g6,68kEuyFKyqrdQQLLsmiatm,55,284014,0
Earl Sweatshirt,Vince Staples,,3A5tHz1SfngyOZM2gItYKu,68kEuyFKyqrdQQLLsmiatm,66,1804344,0
Casey Veggies,Vince Staples,,0uFc6StTmJBvdHPZFDkdJy,68kEuyFKyqrdQQLLsmiatm,52,299211,0
Danny Brown,Vince Staples,,7aA592KWirLsnfb5ulGWvU,68kEuyFKyqrdQQLLsmiatm,59,695337,0
Flatbush Zombies,Vince Staples,,1dqGS5sT6PE2wEvP1gROZC,68kEuyFKyqrdQQLLsmiatm,57,1118982,0
Denzel Curry,Vince Staples,,6fxyWrfmjcbj5d12gXeiNV,68kEuyFKyqrdQQLLsmiatm,72,1885022,0
MellowHigh,Vince Staples,,0B1prtAE9Ca9hTs0rUkjHG,68kEuyFKyqrdQQLLsmiatm,32,75171,0
Freddie Gibbs,Vince Staples,,0Y4inQK6OespitzD6ijMwb,68kEuyFKyqrdQQLLsmiatm,66,999490,0
Joey Bada$$,Vince Staples,,2P5sC9cVZDToPxyomzF1UH,68kEuyFKyqrdQQLLsmiatm,72,2625231,0
Ab-Soul,Vince Staples,,0g9vAlRPK9Gt3FKCekk4TW,68kEuyFKyqrdQQLLsmiatm,57,923715,0
Boldy James,Vince Staples,,4fpwOzxFRMVGfd197dKIdY,68kEuyFKyqrdQQLLsmiatm,54,88337,0
Isaiah Rashad,Vince Staples,,6aaMZ3fcfLv4tEbmY7bjRM,68kEuyFKyqrdQQLLsmiatm,66,1157805,0
JPEGMAFIA,Vince Staples,,6yJ6QQ3Y5l0s0tn7b0arrO,68kEuyFKyqrdQQLLsmiatm,60,502204,0
Action Bronson,Vince Staples,,7BMccF0hQFBpP6417k1OtQ,68kEuyFKyqrdQQLLsmiatm,63,711943,0
Big K.R.I.T.,Vince Staples,,0CKa42Jqrc9fSFbDjePaXP,68kEuyFKyqrdQQLLsmiatm,61,851718,0
ScHoolboy Q,Vince Staples,,5IcR3N7QB1j6KBL8eImZ8m,68kEuyFKyqrdQQLLsmiatm,72,4226547,0
Lil B,Vince Staples,,4bbjivSh1oG4NOc7uYHfw5,68kEuyFKyqrdQQLLsmiatm,49,190094,0
Mick Jenkins,Vince Staples,,1FvjvACFvko2Z91IvDljrx,68kEuyFKyqrdQQLLsmiatm,60,541589,0
VRITRA,Vince Staples,,2p13eHCal7qrUX1r0Hb7T7,68kEuyFKyqrdQQLLsmiatm,35,15628,0
BADBADNOTGOOD,Vince Staples,,65dGLGjkw3UbddUg2GKQoZ,68kEuyFKyqrdQQLLsmiatm,64,621838,0
Kevin Abstract,BROCKHAMPTON,,07EcmJpfAday8xGkslfanE,1Bl6wpkWCQ4KVgnASpvzzA,59,671849,0
JPEGMAFIA,BROCKHAMPTON,,6yJ6QQ3Y5l0s0tn7b0arrO,1Bl6wpkWCQ4KVgnASpvzzA,60,502204,2
Ameer Vann,BROCKHAMPTON,,7kIbB1pdDyehFj8aNgfzfH,1Bl6wpkWCQ4KVgnASpvzzA,43,111576,0
Injury Reserve,BROCKHAMPTON,,3nf2EaHj8HikLNdaiW3v73,1Bl6wpkWCQ4KVgnASpvzzA,50,225606,0
Aminé,BROCKHAMPTON,,3Gm5F95VdRxW3mqCn8RPBJ,1Bl6wpkWCQ4KVgnASpvzzA,69,1796152,0
070 Shake,BROCKHAMPTON,,12Zk1DFhCbHY6v3xep2ZjI,1Bl6wpkWCQ4KVgnASpvzzA,64,361266,0
Duckwrth,BROCKHAMPTON,,6I3MElirhT5t6Kf7p0hGk9,1Bl6wpkWCQ4KVgnASpvzzA,62,367214,0
Choker,BROCKHAMPTON,,5XQRfs0gXs30aWUn1Umves,1Bl6wpkWCQ4KVgnASpvzzA,47,181885,0
Tierra Whack,BROCKHAMPTON,,4lPl9gqgox3JDiaJ1yklKh,1Bl6wpkWCQ4KVgnASpvzzA,57,410388,0
Yeek,BROCKHAMPTON,,5BhFZpE8kUGZJiKOsYjLQM,1Bl6wpkWCQ4KVgnASpvzzA,54,194589,0
slowthai,BROCKHAMPTON,,3r1XkJ7vCs8kHBSzGvPLdP,1Bl6wpkWCQ4KVgnASpvzzA,61,448301,0
Saba,BROCKHAMPTON,,7Hjbimq43OgxaBRpFXic4x,1Bl6wpkWCQ4KVgnASpvzzA,63,603986,0
IDK,BROCKHAMPTON,,6aiFCgyKNwF9Rv5TOxnE8E,1Bl6wpkWCQ4KVgnASpvzzA,61,357505,0
Smino,BROCKHAMPTON,,1ybINI1qPiFbwDXamRtwxD,1Bl6wpkWCQ4KVgnASpvzzA,66,650808,0
Jaden,BROCKHAMPTON,,0xOeVMOz2fVg5BJY3N6akT,1Bl6wpkWCQ4KVgnASpvzzA,69,1800032,0
Isaiah Rashad,BROCKHAMPTON,,6aaMZ3fcfLv4tEbmY7bjRM,1Bl6wpkWCQ4KVgnASpvzzA,66,1157805,0
Vince Staples,BROCKHAMPTON,,68kEuyFKyqrdQQLLsmiatm,1Bl6wpkWCQ4KVgnASpvzzA,68,1613082,0
Earl Sweatshirt,BROCKHAMPTON,,3A5tHz1SfngyOZM2gItYKu,1Bl6wpkWCQ4KVgnASpvzzA,66,1804344,0
Noname,BROCKHAMPTON,,1EpyA68dKpjf7jXmQL88Hy,1Bl6wpkWCQ4KVgnASpvzzA,55,623246,0
Danny Brown,BROCKHAMPTON,,7aA592KWirLsnfb5ulGWvU,1Bl6wpkWCQ4KVgnASpvzzA,59,695337,2
Pi’erre Bourne,Baby Keem,,3x3jSlhyv5CiCZDZlaTq0M,5SXuuuRpukkTvsLuUknva1,64,692088,0
redveil,Baby Keem,,5BwsX8bXOFC1YnqSlyfOKM,5SXuuuRpukkTvsLuUknva1,56,92528,0
IDK,Baby Keem,,6aiFCgyKNwF9Rv5TOxnE8E,5SXuuuRpukkTvsLuUknva1,61,357505,0
Young Stoner Life,Baby Keem,,1xr2G8Hlx4QWmT9HaUbmoO,5SXuuuRpukkTvsLuUknva1,66,84902,0
Aaron May,Baby Keem,,2rwALQ1SXdfUWPUd6WOfYS,5SXuuuRpukkTvsLuUknva1,63,219743,0
Isaiah Rashad,Baby Keem,,6aaMZ3fcfLv4tEbmY7bjRM,5SXuuuRpukkTvsLuUknva1,66,1157805,0
Young Nudy,Baby Keem,,5yPzzu25VzEk8qrGTLIrE1,5SXuuuRpukkTvsLuUknva1,69,928475,0
JID,Baby Keem,,6U3ybJ9UHNKEdsH7ktGBZ7,5SXuuuRpukkTvsLuUknva1,78,893751,0
A$AP Mob,Baby Keem,,7yO4IdJjCEPz7YgZMe25iS,5SXuuuRpukkTvsLuUknva1,59,1923512,0
Mike Dimes,Baby Keem,,6rIaHuCIUu32uj2CjlEBN3,5SXuuuRpukkTvsLuUknva1,63,118623,0
MadeinTYO,Baby Keem,,5SyGEPymt1G2uto47tVWvZ,5SXuuuRpukkTvsLuUknva1,62,1009777,0
LUCKI,Baby Keem,,5tQMB0cuNXdCtzovGt55uD,5SXuuuRpukkTvsLuUknva1,66,236578,0
Metro Boomin,Baby Keem,,0iEtIxbK0KxaSlF7G42ZOp,5SXuuuRpukkTvsLuUknva1,77,2991253,0
Smino,Baby Keem,,1ybINI1qPiFbwDXamRtwxD,5SXuuuRpukkTvsLuUknva1,66,650808,0
Lil Yachty,Baby Keem,,6icQOAFXDZKsumw3YXyusw,5SXuuuRpukkTvsLuUknva1,76,8166006,0
Saba,Baby Keem,,7Hjbimq43OgxaBRpFXic4x,5SXuuuRpukkTvsLuUknva1,63,603986,0
$NOT,Baby Keem,,5IbEL2xjRtKsunfmsahLuO,5SXuuuRpukkTvsLuUknva1,72,1113052,0
Dreamville,Baby Keem,,1iNqsUDUraNWrj00bqssQG,5SXuuuRpukkTvsLuUknva1,67,440866,0
Joey Bada$$,Baby Keem,,2P5sC9cVZDToPxyomzF1UH,5SXuuuRpukkTvsLuUknva1,72,2625231,0
Cordae,Baby Keem,,0huGjMyP507tBCARyzSkrv,5SXuuuRpukkTvsLuUknva1,67,1780136,0
ScHoolboy Q,Kendrick Lamar,,5IcR3N7QB1j6KBL8eImZ8m,2YZyLoL8N0Wb9xBt1NhZWg,72,4226547,4
Pusha T,Kendrick Lamar,,0ONHkAv9pCAFxb0zJwDNTy,2YZyLoL8N0Wb9xBt1NhZWg,74,2496568,0
A$AP Rocky,Kendrick Lamar,,13ubrt8QOOCPljQ2FL1Kca,2YZyLoL8N0Wb9xBt1NhZWg,80,11344358,0
Freddie Gibbs,Kendrick Lamar,,0Y4inQK6OespitzD6ijMwb,2YZyLoL8N0Wb9xBt1NhZWg,66,999490,0
J. Cole,Kendrick Lamar,,6l3HvQ5sa6mXTsMTB19rO5,2YZyLoL8N0Wb9xBt1NhZWg,84,17173439,0
Big Sean,Kendrick Lamar,,0c173mlxpT3dSFRgMO8XPh,2YZyLoL8N0Wb9xBt1NhZWg,78,9766529,0
Earl Sweatshirt,Kendrick Lamar,,3A5tHz1SfngyOZM2gItYKu,2YZyLoL8N0Wb9xBt1NhZWg,66,1804344,0
2 Chainz,Kendrick Lamar,,17lzZA2AlOHwCwFALHttmp,2YZyLoL8N0Wb9xBt1NhZWg,76,7236641,3
Joey Bada$$,Kendrick Lamar,,2P5sC9cVZDToPxyomzF1UH,2YZyLoL8N0Wb9xBt1NhZWg,72,2625231,0
Jay Rock,Kendrick Lamar,,28ExwzUQsvgJooOI0X1mr3,2YZyLoL8N0Wb9xBt1NhZWg,70,1269513,16
Vince Staples,Kendrick Lamar,,68kEuyFKyqrdQQLLsmiatm,2YZyLoL8N0Wb9xBt1NhZWg,68,1613082,3
Isaiah Rashad,Kendrick Lamar,,6aaMZ3fcfLv4tEbmY7bjRM,2YZyLoL8N0Wb9xBt1NhZWg,66,1157805,0
Frank Ocean,Kendrick Lamar,,2h93pZq0e7k5yf4dywlkpM,2YZyLoL8N0Wb9xBt1NhZWg,81,9613058,0
Childish Gambino,Kendrick Lamar,,73sIBHcqh3Z3NyqHKZ7FOL,2YZyLoL8N0Wb9xBt1NhZWg,77,9504743,0
Curren$y,Kendrick Lamar,,6X8WdFjrNhXATMDSs26aCc,2YZyLoL8N0Wb9xBt1NhZWg,65,939014,0
Big K.R.I.T.,Kendrick Lamar,,0CKa42Jqrc9fSFbDjePaXP,2YZyLoL8N0Wb9xBt1NhZWg,61,851718,0
Kid Cudi,Kendrick Lamar,,0fA0VVWsXO9YnASrzqfmYu,2YZyLoL8N0Wb9xBt1NhZWg,80,5889209,0
Chance the Rapper,Kendrick Lamar,,1anyVhU62p31KFi8MEzkbf,2YZyLoL8N0Wb9xBt1NhZWg,75,5684312,0
Wale,Kendrick Lamar,,67nwj3Y5sZQLl72VNUHEYE,2YZyLoL8N0Wb9xBt1NhZWg,70,3692039,0
Danny Brown,Kendrick Lamar,,7aA592KWirLsnfb5ulGWvU,2YZyLoL8N0Wb9xBt1NhZWg,59,695337,0
